"superficie_total_finale","superficie_mais_finale","sexe","age","etude","vilage","commune","type_agri","culture1","culture2","culture3","unite_superficie_maïs","unite_superficie_total","expérience","phenomene_clima_obs","liste_phenomene_clima_obs","effets_phenomene_clima_obs","moyen_gestion_risques","moyen1","Moyen2","Moyen3","possession_telephone","acces_internet","Utilisation_outils_numeriques","precisez_lesquels","frequence_appli_mobiles","frequence_plateformes_web?","frequence_SMS_alerte pretoce?","frequence_reseaux_sociaux agricoles","frequence_autres_outils","obstacles_au_numerique","informations_souhaitee_recevoir","forme_reception_préfere","langues_adaptes","Langue_locale_majoritaire","fonctionalite_application","caracteristique_principale_application","gestionnaire","appli_numerique_gere_aleas_climatiques","conditions_utilisation","contribution_symbolique","suggestions"
9.37421880545491,4.06818384663533,"Homme","41 à 60 ans","Aucun","Amouloko","Adjohoun","Pluvial","Maïs","Soja","Maïs","Hectare","ha","05 à 10 ans","OUI","Sécheresses, Inondations, Retards de pluies, Chaleurs extrêmes,","Baisse de rendement, Dégradation des sols","OUI","Semis précoce","Utilisation des variétés résistance aux stress","Semis échelonné","Oui, basique ( appels/ SMS)","Non","Non","Application mobile,","Quotidiennement","Jamais","Rarement","Jamais","Jamais","Manque de formation, Langue/Compréhension, Manque de pertinence des informations","Prévisions météorologiques localisées, Alertes  précoces (sècheresse, inondation, ravageurs ), Conseils techniques de  production, Gestion de l'irrigation et de l'eau, Accès au crédit ou à l' assurance agricole","SMS, Application mobile, Radio locale","Langues locales","Bariba","D'enregistrer  vos données de culture (dates, rendements,  superficies), D'échanger avec d'autres producteurs, D' accéder à des formations ou tutoriels en ligne, De signaler des problèmes ( maladies, manque d'eau etc...), D' obtenir des conseils personnalisés,","Des maladies","Coopérative/groupement, ONG, Ministère de l'Agriculture, Entreprise privée","Oui","Formations préalable, Gratuité du service, Langues compréhensibles, Garantie de fiabilité des informations","Oui","Non"
6.88778895169674,2.82647287923046,"Homme","25 à 40 ans","Supérieure","ZOKPEDJI","Ouassa-Péhunco","Pluvial","Maïs","Soja","Niebé","KANTI","Hectare","Plus de 10 ans","OUI","Sécheresses, Retards de pluies, Chaleurs extrêmes","Baisse de rendement, Maladies ou  ravageurs,","Non","Semis précoce","Internet et les ateliers organisés par le service climatique au Bénin","Internet et les ateliers","Oui, basique ( appels/ SMS)","Non","Non","Application mobile,","jamais","Mensuellement","Hebdomadairement","Quotidiennement","Rarement","Manque de réseau, Manque de formation, Langue/Compréhension, Manque de pertinence des informations,","Prévisions météorologiques localisées, Alertes  précoces (sècheresse, inondation, ravageurs ), Conseils techniques de  production, Gestion de l'irrigation et de l'eau, Accès au crédit ou à l' assurance agricole","Application mobile, Réseaux sociaux","Francais, Audio, Langues locales","Bariba","D'échanger avec d'autres producteurs, De signaler des problèmes ( maladies, manque d'eau etc...), D' obtenir des conseils personnalisés","Accès aux intrants agricoles","Coopérative/groupement, ONG, Ministère de l'Agriculture, Entreprise privée,","Oui","Formations préalable, Gratuité du service, Interface simple, Langues compréhensibles, Garantie de fiabilité des informations","A discuter","Non"
0,0,"Homme","41 à 60 ans","Aucun","Katagon","Parakou","Mixte","Maïs","Soja","Niebé","Hectare","Hectare","05 à 10 ans","OUI","Sécheresses, Inondations, Retards de pluies","Baisse de rendement, Dégradation des sols","Non","Suivre la météo Bénin","Utilisation des variétés résistance aux stress","Internet et les ateliers","Oui, basique ( appels/ SMS)","Oui","Non","Application mobile, Plateforme web, Réseaux sociaux agricoles","Hebdomadairement","Hebdomadairement","Hebdomadairement","Quotidiennement","Jamais","Manque de réseau, Manque de formation","Prévisions météorologiques localisées, Alertes  précoces (sècheresse, inondation, ravageurs ), Conseils techniques de  production, Gestion de l'irrigation et de l'eau","SMS,","Francais, Images/Pictogrammes","Goun","D'échanger avec d'autres producteurs, D' accéder à des formations ou tutoriels en ligne, De signaler des problèmes ( maladies, manque d'eau etc...)","Formation","Coopérative/groupement, ONG, Ministère de l'Agriculture, Recherche, Entreprise privée,","Non","Formations préalable, Gratuité du service, Interface simple, Langues compréhensibles, Garantie de fiabilité des informations","Oui","Non"
4.41842483526757,2.36578965762049,"Homme","41 à 60 ans","Supérieure","Amouloko","Bopa","Mixte","Maïs","Soja","Soja","Hectare","Hectare","Plus de 10 ans","OUI","Sécheresses, Retards de pluies","Baisse de rendement, Maladies ou  ravageurs, Dégradation des sols","Non","Semis précoce","Utilisation des variétés résistance aux stress","Internet et les ateliers","Oui , smartphone","Non","Non","Application mobile,","Jamais","Jamais","Hebdomadairement","Mensuellement","Mensuellement","Manque de réseau, Cout d'accès à internet","Prévisions météorologiques localisées, Alertes  précoces (sècheresse, inondation, ravageurs ), Conseils techniques de  production, Gestion de l'irrigation et de l'eau, Suivi des prix des produits agricoles, Accès au crédit ou à l' assurance agricole,","Application mobile","Langues locales","Goun","D'enregistrer  vos données de culture (dates, rendements,  superficies), D' accéder à des formations ou tutoriels en ligne, De signaler des problèmes ( maladies, manque d'eau etc...), D' obtenir des conseils personnalisés","Formation","Coopérative/groupement, ONG, Ministère de l'Agriculture, Recherche, Entreprise privée,","Oui","Formations préalable, Langues compréhensibles, Garantie de fiabilité des informations","Oui","Non"
3.86834472993815,2.49487394687035,"Homme","25 à 40 ans","Supérieure","Amouloko","Dogbo","Mixte","Maïs","Soja","Soja","Hectare","KANTI","Moins de 05 ans","OUI","Inondations","Baisse de rendement, Pertes totales, Maladies ou  ravageurs, Dégradation des sols,","OUI","Semis précoce","Internet et les ateliers organisés par le service climatique au Bénin","Internet et les ateliers","Oui, basique ( appels/ SMS)","Oui","Non","Application mobile,","Quotidiennement","Jamais","Jamais","Quotidiennement","Jamais","Manque de réseau, Cout d'accès à internet, Manque de formation, Langue/Compréhension, Manque de pertinence des informations","Prévisions météorologiques localisées, Alertes  précoces (sècheresse, inondation, ravageurs ), Conseils techniques de  production, Gestion de l'irrigation et de l'eau, Suivi des prix des produits agricoles, Accès au crédit ou à l' assurance agricole,","Radio locale","Francais, Audio, Langues locales","Fon","D'enregistrer  vos données de culture (dates, rendements,  superficies), D'échanger avec d'autres producteurs, D' obtenir des conseils personnalisés, Avoir accès aux intrants agricoles.","Accès aux intrants agricoles","Coopérative/groupement, ONG, Ministère de l'Agriculture, Entreprise privée,","Oui","Formations préalable, Garantie de fiabilité des informations","Oui","Non"
0,0,"Homme","41 à 60 ans","Aucun","Amouloko","Misserete","Pluvial","Maïs","Sorgho","Niebé","Hectare","KANTI","Moins de 05 ans","OUI","Sécheresses, Retards de pluies","Baisse de rendement, Pertes totales, Maladies ou  ravageurs,","Non","Suivre la météo Bénin","Utilisation des variétés résistance aux stress","Semis échelonné","Oui, basique ( appels/ SMS)","Non","Non","Application mobile,","Hebdomadairement","Hebdomadairement","Jamais","Quotidiennement","Quotidiennement","Manque de réseau, Manque de formation, Langue/Compréhension, Manque de pertinence des informations, Ah","Conseils techniques de  production, Gestion de l'irrigation et de l'eau, Accès au crédit ou à l' assurance agricole","Application mobile, Réseaux sociaux","Langues locales","Bariba","D' accéder à des formations ou tutoriels en ligne, De signaler des problèmes ( maladies, manque d'eau etc...), D' obtenir des conseils personnalisés,","None","Coopérative/groupement, ONG","Peut- être","Formations préalable, Gratuité du service, Interface simple, Langues compréhensibles, Garantie de fiabilité des informations","Oui","Non"
1.26038434172411,1.26038434172411,"Homme","41 à 60 ans","Supérieure","Houekpa kpota","Misserete","Pluvial","Ananas","Choux","Maïs","Hetare","KANTI","Moins de 05 ans","OUI","Sécheresses, Inondations, Retards de pluies, Chaleurs extrêmes,","Baisse de rendement, Maladies ou  ravageurs","Non","Suivre la météo Bénin","Internet et les ateliers organisés par le service climatique au Bénin","Semis échelonné","Oui, basique ( appels/ SMS)","Non","Non","Application mobile,","Hebdomadairement","jamais","Rarement","Rarement","Jamais","Manque de formation, Langue/Compréhension","Conseils techniques de  production, Gestion de l'irrigation et de l'eau, Accès au crédit ou à l' assurance agricole","Application mobile","Langues locales","Fon","D'échanger avec d'autres producteurs, De signaler des problèmes ( maladies, manque d'eau etc...), D' obtenir des conseils personnalisés,","Utilisable en absence de la connexion","ONG, Recherche","Oui","Formations préalable, Gratuité du service, Interface simple, Langues compréhensibles, Garantie de fiabilité des informations","A discuter","Non"
14.8315184249049,6.21825178902867,"Homme","25 à 40 ans","Secondaire","ZOKPEDJI","Misserete","Pluvial","Coton","Choux","Maïs","Hectare","Hectare","Plus de 10 ans","OUI","Sécheresses, Inondations, Retards de pluies, Chaleurs extrêmes,","Baisse de rendement, Pertes totales, Maladies ou  ravageurs,","Non","Semis précoce","Utilisation des variétés résistance aux stress","Semis échelonné","Oui , smartphone","Oui","Non","Réseaux sociaux agricoles","Jamais","Mensuellement","Jamais","Quotidiennement","Jamais","Manque de réseau, Cout d'accès à internet, Manque de formation, Langue/Compréhension, Manque de pertinence des informations,","Alertes  précoces (sècheresse, inondation, ravageurs ), Conseils techniques de  production, Gestion de l'irrigation et de l'eau, Suivi des prix des produits agricoles, Accès au crédit ou à l' assurance agricole,","SMS,","Langues locales","Goun","La disponibilité des engrais chimiques","Très flexible pour les meilleures formations avec supports et attestations ou diplômes après formations","Ministère de l'Agriculture","Non","Langues compréhensibles","A discuter","Non"
10.4226385541902,4.22746887893487,"Femme","41 à 60 ans","Supérieure","ADANDRO-AKODE","Dogbo","Mixte","Maïs","Riz","Maïs","Hectare","Hectare","05 à 10 ans","OUI","Inondations, Retards de pluies","Baisse de rendement","Non","Semis précoce","Utilisation des variétés résistance aux stress","Internet et les ateliers","Oui , smartphone","Non","Non","SMS d'alerte météo, Réseaux sociaux agricoles","jamais","Mensuellement","Hebdomadairement","Quotidiennement","Mensuellement","Manque de réseau, Cout d'accès à internet","Prévisions météorologiques localisées, Conseils techniques de  production, Suivi des prix des produits agricoles","SMS, Message vocaux, Radio locale,","Langues locales","Fon","D'enregistrer  vos données de culture (dates, rendements,  superficies), D'échanger avec d'autres producteurs, D' accéder à des formations ou tutoriels en ligne, De signaler des problèmes ( maladies, manque d'eau etc...), D' obtenir des conseils personnalisés,","Des maladies","Ministère de l'Agriculture","Oui","Formations préalable, Gratuité du service, Interface simple, Langues compréhensibles, Garantie de fiabilité des informations","A discuter","Non"
8.68917965988213,3.05336412394562,"Homme","25 à 40 ans","Aucun","Amouloko","Bonou","Mixte","Maïs","Maïs","Niébé","Hectare","Hectare","05 à 10 ans","Non","Inondations, Retards de pluies","Baisse de rendement, Pertes totales","Non","Suivre la météo Bénin","Utilisation des variétés résistance aux stress","Semis échelonné","Oui, basique ( appels/ SMS)","Non","Non","Application mobile,","Hebdomadairement","Jamais","Rarement","Jamais","Jamais","Langue/Compréhension","Prévisions météorologiques localisées, Alertes  précoces (sècheresse, inondation, ravageurs ), Conseils techniques de  production, Gestion de l'irrigation et de l'eau, Suivi des prix des produits agricoles, Accès au crédit ou à l' assurance agricole,","SMS, Application mobile, Radio locale","Langues locales","ADJA ET MINA","D'enregistrer  vos données de culture (dates, rendements,  superficies), D'échanger avec d'autres producteurs, D' accéder à des formations ou tutoriels en ligne, De signaler des problèmes ( maladies, manque d'eau etc...), D' obtenir des conseils personnalisés,","Accédez à des formations ou tutoriels en ligne","ONG, Ministère de l'Agriculture, Entreprise privée","Oui","Formations préalable, Gratuité du service","Oui","Non"
0,0,"Homme","25 à 40 ans","Supérieure","Amouloko","Misserete","Mixte","Maïs","Maïs","Manioc","Hetare","Hectare","05 à 10 ans","OUI","Sécheresses, Inondations, Retards de pluies, Chaleurs extrêmes,","Baisse de rendement, Pertes totales, Maladies ou  ravageurs,","Non","Suivre la météo Bénin","Internet et les ateliers organisés par le service climatique au Bénin","Internet et les ateliers","Oui , smartphone","Non","Non","Application mobile,","jamais","Quotidiennement","Jamais","Quotidiennement","Rarement","Manque de formation, Langue/Compréhension, Manque de pertinence des informations","Prévisions météorologiques localisées, Alertes  précoces (sècheresse, inondation, ravageurs ), Conseils techniques de  production, Gestion de l'irrigation et de l'eau","SMS,","Langues locales","Fon","D' accéder à des formations ou tutoriels en ligne, De signaler des problèmes ( maladies, manque d'eau etc...), D' obtenir des conseils personnalisés,","Très flexible pour les meilleures formations avec supports et attestations ou diplômes après formations","ONG, Ministère de l'Agriculture, Recherche","Oui","Formations préalable, Gratuité du service, Interface simple, Langues compréhensibles, Garantie de fiabilité des informations","A discuter","Formations et vidéos puis des visites d'échanges d'expériences"
2.25558917621374,1.22935967582098,"Femme","41 à 60 ans","Primaire","Bopa/tchanhoué","Misserete","Mixte","Palmier à huile","Maïs","Maïs","Hectare","Hectare","05 à 10 ans","OUI","Sécheresses, Retards de pluies, Pluies acides","Baisse de rendement, Dégradation des sols","Non","Suivre la météo Bénin","Internet et les ateliers organisés par le service climatique au Bénin","Internet et les ateliers","Oui, basique ( appels/ SMS)","Oui","Non","Application mobile","jamais","Quotidiennement","Jamais","Jamais","Mensuellement","Langue/Compréhension","Conseils techniques de  production, Gestion de l'irrigation et de l'eau, Accès au crédit ou à l' assurance agricole","Radio locale","Francais, Langues locales","ADJA ET MINA","D'enregistrer  vos données de culture (dates, rendements,  superficies), D'échanger avec d'autres producteurs, D' accéder à des formations ou tutoriels en ligne, De signaler des problèmes ( maladies, manque d'eau etc...), D' obtenir des conseils personnalisés,","Accès aux intrants agricoles","ONG, Recherche","Oui","Formations préalable, Gratuité du service, Langues compréhensibles, Garantie de fiabilité des informations","Oui","Non"
1.62209245693393,1.62209245693393,"Homme","25 à 40 ans","Aucun","Waisogbé","Misserete","Mixte","Manioc","Maïs","Manioc","KANTI","KANTI","Plus de 10 ans","OUI","Inondations, Retards de pluies","Baisse de rendement, Dégradation des sols","Non","Semis précoce","Internet et les ateliers organisés par le service climatique au Bénin","Semis échelonné","Non","Non","Non","Application mobile,","Hebdomadairement","Hebdomadairement","Jamais","Quotidiennement","Rarement","Manque de réseau, Cout d'accès à internet, Manque de formation, Langue/Compréhension, Manque de pertinence des informations,","Prévisions météorologiques localisées, Alertes  précoces (sècheresse, inondation, ravageurs ), Conseils techniques de  production, Suivi des prix des produits agricoles, Accès au crédit ou à l' assurance agricole","Application mobile","Langues locales","Fon","D'enregistrer  vos données de culture (dates, rendements,  superficies), D'échanger avec d'autres producteurs, D' accéder à des formations ou tutoriels en ligne, De signaler des problèmes ( maladies, manque d'eau etc...), D' obtenir des conseils personnalisés,","Formation technique","ONG, Ministère de l'Agriculture, Entreprise privée","Peut- être","Formations préalable, Gratuité du service, Langues compréhensibles","Oui","Formations et vidéos puis des visites d'échanges d'expériences"
4.14016465910205,2.13614090575742,"Femme","41 à 60 ans","Primaire","Waisogbé","Misserete","Mixte","Ananas","Arachide","Niebé","Hectare","Hectare","Plus de 10 ans","Non","Inondations, Retards de pluies","Baisse de rendement, Pertes totales, Maladies ou  ravageurs,","Non","Suivre la météo Bénin","Internet et les ateliers organisés par le service climatique au Bénin","Semis échelonné","Oui , smartphone","Non","OUI","SMS d'alerte météo, Réseaux sociaux agricoles","Hebdomadairement","Jamais","Hebdomadairement","Quotidiennement","Jamais","Cout d'accès à internet, Langue/Compréhension","Conseils techniques de  production, Gestion de l'irrigation et de l'eau, Suivi des prix des produits agricoles, Accès au crédit ou à l' assurance agricole,","SMS, Message vocaux, Application mobile, Radio locale","Langues locales","Fon","D'échanger avec d'autres producteurs, De signaler des problèmes ( maladies, manque d'eau etc...), D' obtenir des conseils personnalisés","DISPONIBILITÉ DES ENGRAIS CHIMIQUES.","Coopérative/groupement, ONG, Ministère de l'Agriculture, Entreprise privée,","Oui","Formations préalable, Garantie de fiabilité des informations","Oui","Non"
9.50792671371169,3.50225968978056,"Homme","41 à 60 ans","Primaire","Katagon","Bopa","Mixte","Maïs","Manioc","Niebé","Hetare","ha","Plus de 10 ans","Non","Sécheresses, Retards de pluies","Baisse de rendement, Pertes totales","Non","Semis précoce","Internet et les ateliers organisés par le service climatique au Bénin","Internet et les ateliers","Oui , smartphone","Non","OUI","SMS d'alerte météo, Recherche sur internet","jamais","Quotidiennement","Jamais","Quotidiennement","Rarement","Manque de réseau, Cout d'accès à internet, Manque de formation, Langue/Compréhension, Manque de pertinence des informations,","Alertes  précoces (sècheresse, inondation, ravageurs ), Conseils techniques de  production, Gestion de l'irrigation et de l'eau, Suivi des prix des produits agricoles, Accès au crédit ou à l' assurance agricole,","Application mobile, Site web, Réseaux sociaux","Langues locales","Goun","D'enregistrer  vos données de culture (dates, rendements,  superficies), D'échanger avec d'autres producteurs, D' accéder à des formations ou tutoriels en ligne, De signaler des problèmes ( maladies, manque d'eau etc...), D' obtenir des conseils personnalisés,","Rapide","Coopérative/groupement, Ministère de l'Agriculture, Recherche","Oui","Langues compréhensibles, Garantie de fiabilité des informations","A discuter","Non"
0,0,"Homme","25 à 40 ans","Primaire","Péhunco","Misserete","Mixte","Maïs","Soja","Soja","Hectare","Hectare","Plus de 10 ans","OUI","Sécheresses, Inondations, Retards de pluies,","Baisse de rendement, Pertes totales, Maladies ou  ravageurs,","Non","Semis précoce","Utilisation des variétés résistance aux stress","Internet et les ateliers","Oui, basique ( appels/ SMS)","Non","OUI","Réseaux sociaux agricoles","Hebdomadairement","Quotidiennement","Hebdomadairement","Jamais","Mensuellement","Manque de réseau, Manque de formation, Langue/Compréhension, Manque de pertinence des informations, Ah","Prévisions météorologiques localisées, Alertes  précoces (sècheresse, inondation, ravageurs ), Conseils techniques de  production, Gestion de l'irrigation et de l'eau","Radio locale","Francais, Langues locales","Goun","D'enregistrer  vos données de culture (dates, rendements,  superficies), D'échanger avec d'autres producteurs, D' accéder à des formations ou tutoriels en ligne, De signaler des problèmes ( maladies, manque d'eau etc...), D' obtenir des conseils personnalisés,","Bon rendement","Coopérative/groupement, ONG, Ministère de l'Agriculture","Oui","Formations préalable, Gratuité du service, Interface simple, Langues compréhensibles, Garantie de fiabilité des informations","Oui","LA STABILITÉ DES PRIX DES PRODUITS SUR LE PLAN NATIONAL AINSI QUE LES ENGRAIS CHIMIQUES."
1.09080816979671,1.09080816979671,"Homme","25 à 40 ans","Supérieure","KPODAHA CENTRE","Adjohoun","Mixte","Maïs","Arachide","Niebé","KANTI","Hectare","05 à 10 ans","OUI","Sécheresses, Retards de pluies","Baisse de rendement, Maladies ou  ravageurs,","Non","Semis précoce","Internet et les ateliers organisés par le service climatique au Bénin","Internet et les ateliers","Oui, basique ( appels/ SMS)","Non","Non","Application mobile, Plateforme web","Quotidiennement","Mensuellement","Quotidiennement","Mensuellement","Mensuellement","Manque de formation","Alertes  précoces (sècheresse, inondation, ravageurs ), Conseils techniques de  production, Gestion de l'irrigation et de l'eau, Suivi des prix des produits agricoles, Accès au crédit ou à l' assurance agricole,","Radio locale,","Langues locales","Goun","D'enregistrer  vos données de culture (dates, rendements,  superficies), D'échanger avec d'autres producteurs, D' accéder à des formations ou tutoriels en ligne, De signaler des problèmes ( maladies, manque d'eau etc...), D' obtenir des conseils personnalisés","Formation","Coopérative/groupement, ONG, Ministère de l'Agriculture, Entreprise privée,","Oui","Formations préalable, Gratuité du service, Interface simple, Langues compréhensibles, Garantie de fiabilité des informations","Oui","Non"
20.5399108965651,7.46583799960814,"Homme","25 à 40 ans","Aucun","Katagon","Dogbo","Pluvial","Coton","Maïs","Maïs","Hectare","KANTI","Plus de 10 ans","OUI","Sécheresses, Retards de pluies, Chaleurs extrêmes","Baisse de rendement, Maladies ou  ravageurs, Dégradation des sols","Non","Semis précoce","Utilisation des variétés résistance aux stress","Semis échelonné","Oui , smartphone","Non","OUI","Application mobile, Plateforme web, Réseaux sociaux agricoles","jamais","jamais","Hebdomadairement","Quotidiennement","Hebdomadairement","Langue/Compréhension","Prévisions météorologiques localisées, Alertes  précoces (sècheresse, inondation, ravageurs ), Conseils techniques de  production, Suivi des prix des produits agricoles, Accès au crédit ou à l' assurance agricole","Application mobile","Langues locales,","Goun","La disponibilité des engrais chimiques","Formation","Coopérative/groupement, ONG","Oui","Formations préalable, Gratuité du service, Interface simple, Langues compréhensibles, Garantie de fiabilité des informations","Oui","LA STABILITÉ DES PRIX DES PRODUITS SUR LE PLAN NATIONAL AINSI QUE LES ENGRAIS CHIMIQUES."
0,0,"Femme","25 à 40 ans","Supérieure","Katagon","Misserete","Mixte","Palmier à huile","Manioc","Niebé","Hectare","Hectare","Plus de 10 ans","OUI","Sécheresses, Retards de pluies, Chaleurs extrêmes","Maladies ou  ravageurs, Dégradation des sols","Non","Suivre la météo Bénin","Internet et les ateliers organisés par le service climatique au Bénin","Internet et les ateliers","Oui , smartphone","Non","Non","Application mobile","Hebdomadairement","Mensuellement","Hebdomadairement","Quotidiennement","Jamais","Manque de pertinence des informations","Prévisions météorologiques localisées, Alertes  précoces (sècheresse, inondation, ravageurs ), Conseils techniques de  production, Gestion de l'irrigation et de l'eau, Suivi des prix des produits agricoles, Accès au crédit ou à l' assurance agricole","Application mobile","Langues locales","Fon","D'échanger avec d'autres producteurs, D' accéder à des formations ou tutoriels en ligne, De signaler des problèmes ( maladies, manque d'eau etc...)","Utilisable en absence de la connexion","Ministère de l'Agriculture","Oui","Formations préalable, Gratuité du service, Interface simple, Langues compréhensibles, Garantie de fiabilité des informations","A discuter","Non"
8.63506227993092,3.99583528141326,"Femme","41 à 60 ans","Primaire","KPODAHA CENTRE","Parakou","Pluvial","Maïs","Maïs","Niébé","Hectare","Hectare","Plus de 10 ans","OUI","Sécheresses, Retards de pluies","Maladies ou  ravageurs, Dégradation des sols","Non","Suivre la météo Bénin","Utilisation des variétés résistance aux stress","Internet et les ateliers","Oui , smartphone","Non","OUI","SMS d'alerte météo, Recherche sur internet","Hebdomadairement","Quotidiennement","Hebdomadairement","Jamais","Mensuellement","Manque de réseau, Cout d'accès à internet","Alertes  précoces (sècheresse, inondation, ravageurs ), Conseils techniques de  production, Gestion de l'irrigation et de l'eau, Suivi des prix des produits agricoles, Accès au crédit ou à l' assurance agricole,","SMS, Radio locale,","Francais, Audio, Langues locales","Fon","D'enregistrer  vos données de culture (dates, rendements,  superficies), D'échanger avec d'autres producteurs, D' accéder à des formations ou tutoriels en ligne, De signaler des problèmes ( maladies, manque d'eau etc...), D' obtenir des conseils personnalisés,","Des maladies","ONG, Ministère de l'Agriculture, Recherche","Oui","Langues compréhensibles, Garantie de fiabilité des informations","Oui","Non"
13.5141962806139,4.93199252036367,"Homme","41 à 60 ans","Aucun","Péhunco","Misserete","Pluvial","Maïs","Maïs","Soja","Hectare","Hectare","05 à 10 ans","OUI","Sécheresses, Retards de pluies, Chaleurs extrêmes","Baisse de rendement, Maladies ou  ravageurs, Dégradation des sols","Non","Semis précoce","Utilisation des variétés résistance aux stress","Semis échelonné","Oui, basique ( appels/ SMS)","Non","Non","Application mobile, Plateforme web, Réseaux sociaux agricoles","jamais","Quotidiennement","Jamais","Quotidiennement","Jamais","Manque de réseau, Manque de formation","Alertes  précoces (sècheresse, inondation, ravageurs ), Conseils techniques de  production, Suivi des prix des produits agricoles","Application mobile","Francais, Langues locales","Goun","D'échanger avec d'autres producteurs, De signaler des problèmes ( maladies, manque d'eau etc...), D' obtenir des conseils personnalisés","Formation technique","Ministère de l'Agriculture, DDAEP","Oui","Formations préalable, Gratuité du service, Interface simple, Langues compréhensibles, Garantie de fiabilité des informations","Oui","Non"
6.62402779038913,3.33985735307725,"Homme","41 à 60 ans","Supérieure","Houekpa kpota","Dogbo","Mixte","Maïs","Maïs","Niebé","Hectare","Hectare","05 à 10 ans","OUI","Sécheresses, Inondations, Retards de pluies","Baisse de rendement, Pertes totales, Maladies ou  ravageurs, Dégradation des sols,","Non","Semis précoce","Utilisation des variétés résistance aux stress","Internet et les ateliers","Oui , smartphone","Oui","Non","Application mobile,","Hebdomadairement","Quotidiennement","Jamais","Jamais","Rarement","Manque de réseau, Cout d'accès à internet","Prévisions météorologiques localisées, Alertes  précoces (sècheresse, inondation, ravageurs ), Conseils techniques de  production, Gestion de l'irrigation et de l'eau, Suivi des prix des produits agricoles, Accès au crédit ou à l' assurance agricole","Radio locale,","Langues locales","Goun","D'enregistrer  vos données de culture (dates, rendements,  superficies), D'échanger avec d'autres producteurs, D' accéder à des formations ou tutoriels en ligne, D' obtenir des conseils personnalisés","Bon rendement","Coopérative/groupement, Ministère de l'Agriculture, Recherche","Peut- être","Formations préalable, Gratuité du service, Interface simple, Langues compréhensibles, Garantie de fiabilité des informations","Oui","Non"
13.098101686414,5.10429821363077,"Homme","25 à 40 ans","Aucun","Waisogbé","Parakou","Pluvial","Maïs","Arachide","Soja","Hectare","KANTI","05 à 10 ans","OUI","Sécheresses, Retards de pluies,","Baisse de rendement, Pertes totales, Maladies ou  ravageurs,","OUI","Suivre la météo Bénin","Internet et les ateliers organisés par le service climatique au Bénin","Semis échelonné","Oui, basique ( appels/ SMS)","Occasionnellement","Non","Application mobile, Plateforme web","jamais","Jamais","Jamais","Quotidiennement","Hebdomadairement","Cout d'accès à internet, Langue/Compréhension","Prévisions météorologiques localisées, Alertes  précoces (sècheresse, inondation, ravageurs ), Conseils techniques de  production, Gestion de l'irrigation et de l'eau, Suivi des prix des produits agricoles, Accès au crédit ou à l' assurance agricole","Application mobile","Francais, Images/Pictogrammes, Audio, Langues locales","Goun","D'enregistrer  vos données de culture (dates, rendements,  superficies), D'échanger avec d'autres producteurs, D' accéder à des formations ou tutoriels en ligne, De signaler des problèmes ( maladies, manque d'eau etc...), D' obtenir des conseils personnalisés","Formation technique","Coopérative/groupement, ONG, Ministère de l'Agriculture, Recherche, Entreprise privée,","Oui","Formations préalable, Garantie de fiabilité des informations","Oui","Non"
10.7733697115803,4.27400361177169,"Femme","41 à 60 ans","Supérieure","ADANDRO-AKODE","Dogbo","Pluvial","Maïs","Maïs","Niebé","Hectare","Hectare","Plus de 10 ans","OUI","Sécheresses, Retards de pluies","Baisse de rendement, Pertes totales, Maladies ou  ravageurs","Non","Suivre la météo Bénin","Utilisation des variétés résistance aux stress","Semis échelonné","Oui , smartphone","Non","Non","Application mobile","Hebdomadairement","Jamais","Jamais","Mensuellement","Jamais","Manque de formation, Langue/Compréhension, Manque de pertinence des informations","Alertes  précoces (sècheresse, inondation, ravageurs ), Conseils techniques de  production, Gestion de l'irrigation et de l'eau, Suivi des prix des produits agricoles, Accès au crédit ou à l' assurance agricole,","SMS, Radio locale,","Langues locales","ADJA ET MINA","D'enregistrer  vos données de culture (dates, rendements,  superficies), D'échanger avec d'autres producteurs, D' accéder à des formations ou tutoriels en ligne, De signaler des problèmes ( maladies, manque d'eau etc...), D' obtenir des conseils personnalisés","Formation technique","Coopérative/groupement, ONG, Ministère de l'Agriculture, Recherche, Entreprise privée,","Oui","Formations préalable, Garantie de fiabilité des informations","Oui","Non"
10.2405264229392,3.07370627824462,"Femme","25 à 40 ans","Primaire","Houekpa kpota","Dogbo","Mixte","Ananas","Maïs","Maïs","KANTI","Hectare","05 à 10 ans","OUI","Sécheresses, Inondations, Retards de pluies, Chaleurs extrêmes, Mauvaise répartition des pluies, délais court de l'harmattan","Baisse de rendement, Pertes totales, Maladies ou  ravageurs,","Non","Semis précoce","Internet et les ateliers organisés par le service climatique au Bénin","Semis échelonné","Oui, basique ( appels/ SMS)","Non","Non","Application mobile,","jamais","Mensuellement","Jamais","Mensuellement","Hebdomadairement","Manque de formation","Conseils techniques de  production, Gestion de l'irrigation et de l'eau, Suivi des prix des produits agricoles, Accès au crédit ou à l' assurance agricole","SMS, Application mobile, Réseaux sociaux","Langues locales","Fongbé","D'enregistrer  vos données de culture (dates, rendements,  superficies), D' accéder à des formations ou tutoriels en ligne, De signaler des problèmes ( maladies, manque d'eau etc...), D' obtenir des conseils personnalisés","Formation technique","ONG, Ministère de l'Agriculture, Entreprise privée","Oui","Formations préalable, Gratuité du service, Interface simple, Langues compréhensibles, Garantie de fiabilité des informations","Oui","Non"
18.3174955086409,6.78827233967286,"Femme","41 à 60 ans","Primaire","Katagon","Bonou","Pluvial","Palmier à huile","Soja","Niébé","KANTI","Hectare","Plus de 10 ans","OUI","Sécheresses, Inondations, Retards de pluies, Chaleurs extrêmes,","Baisse de rendement, Dégradation des sols","Non","Semis précoce","Utilisation des variétés résistance aux stress","Internet et les ateliers","Oui , smartphone","Non","Non","Réseaux sociaux agricoles","jamais","Quotidiennement","Rarement","Quotidiennement","Jamais","Manque de réseau","Prévisions météorologiques localisées, Conseils techniques de  production, Suivi des prix des produits agricoles","SMS, Message vocaux, Application mobile, Radio locale","Francais, Audio, Langues locales","Bariba","D'enregistrer  vos données de culture (dates, rendements,  superficies), D' accéder à des formations ou tutoriels en ligne, De signaler des problèmes ( maladies, manque d'eau etc...), D' obtenir des conseils personnalisés","Accès aux intrants agricoles","Structures bien expérimentées","Oui","Langues compréhensibles","Oui","Formations et vidéos puis des visites d'échanges d'expériences"
0,0,"Homme","41 à 60 ans","Aucun","ZOKPEDJI","Misserete","Pluvial","Maïs","Manioc","Manioc","KANTI","Hectare","Plus de 10 ans","OUI","Sécheresses, Retards de pluies","Baisse de rendement, Pertes totales, Maladies ou  ravageurs, Dégradation des sols,","Non","Suivre la météo Bénin","Utilisation des variétés résistance aux stress","Internet et les ateliers","Oui , smartphone","Non","Non","Application mobile,","Hebdomadairement","Jamais","Jamais","Quotidiennement","Mensuellement","Cout d'accès à internet, Manque de formation, Langue/Compréhension, Manque de pertinence des informations,","Conseils techniques de  production, Gestion de l'irrigation et de l'eau, Suivi des prix des produits agricoles, Accès au crédit ou à l' assurance agricole","Application mobile, Réseaux sociaux, Radio locale","Langues locales","Goun","D'enregistrer  vos données de culture (dates, rendements,  superficies), D'échanger avec d'autres producteurs, Disponibilité des engrais chimiques","Accéder à des formations ou tutoriells en ligne","Coopérative/groupement, ONG, Ministère de l'Agriculture, Entreprise privée,","Oui","Formations préalable, Gratuité du service, Langues compréhensibles, Garantie de fiabilité des informations","Oui","Non"
3.81997698612245,1.97181772925714,"Femme","25 à 40 ans","Supérieure","Ladji Farani","Parakou","Pluvial","Palmier à huile","Manioc","Maïs","Hectare","Hectare","Plus de 10 ans","OUI","Sécheresses, Retards de pluies","Baisse de rendement, Maladies ou  ravageurs,","Non","Semis précoce","Internet et les ateliers organisés par le service climatique au Bénin","Semis échelonné","Oui , smartphone","Non","OUI","Application mobile,","jamais","Mensuellement","Rarement","Quotidiennement","Rarement","Manque de réseau, Manque de formation, Langue/Compréhension, Manque de pertinence des informations,","Alertes  précoces (sècheresse, inondation, ravageurs ), Conseils techniques de  production, Gestion de l'irrigation et de l'eau, Suivi des prix des produits agricoles, Accès au crédit ou à l' assurance agricole,","Radio locale","Langues locales","Bariba","D'enregistrer  vos données de culture (dates, rendements,  superficies), D'échanger avec d'autres producteurs, Disponibilité des engrais chimiques","Accéder à des formations ou tutoriells en ligne","Coopérative/groupement, Ministère de l'Agriculture, Recherche","Oui","Langues compréhensibles","Oui","Non"
13.9224055696928,5.59029697921736,"Homme","41 à 60 ans","Aucun","KPODAHA CENTRE","Misserete","Pluvial","Maïs","Soja","Niebé","Hectare","ha","05 à 10 ans","OUI","Sécheresses, Inondations, Retards de pluies, Chaleurs extrêmes, Mauvaise répartition des pluies, délais court de l'harmattan","Baisse de rendement","Non","Semis précoce","Internet et les ateliers organisés par le service climatique au Bénin","Semis échelonné","Oui , smartphone","Non","Non","Application mobile, Plateforme web, Réseaux sociaux agricoles","Quotidiennement","jamais","Quotidiennement","Quotidiennement","Jamais","Manque de réseau, Cout d'accès à internet, Langue/Compréhension","Alertes  précoces (sècheresse, inondation, ravageurs ), Conseils techniques de  production, Suivi des prix des produits agricoles","Application mobile, Réseaux sociaux","Francais, Langues locales","Fon","D'enregistrer  vos données de culture (dates, rendements,  superficies), D'échanger avec d'autres producteurs, D' accéder à des formations ou tutoriels en ligne, De signaler des problèmes ( maladies, manque d'eau etc...), D' obtenir des conseils personnalisés,","Bon rendement","Ministère de l'Agriculture","Oui","Formations préalable, Gratuité du service, Interface simple, Langues compréhensibles, Garantie de fiabilité des informations","Oui","Non"
0,0,"Homme","41 à 60 ans","Primaire","Houekpa kpota","Adjohoun","Pluvial","Maïs","Soja","Niebé","Hectare","Hectare","05 à 10 ans","OUI","Sécheresses, Retards de pluies,","Maladies ou  ravageurs, Dégradation des sols","Non","Suivre la météo Bénin","Utilisation des variétés résistance aux stress","Semis échelonné","Oui, basique ( appels/ SMS)","Oui","Non","Application mobile,","jamais","Hebdomadairement","Jamais","Quotidiennement","Mensuellement","Manque de réseau, Cout d'accès à internet, Manque de formation, Langue/Compréhension, Manque de pertinence des informations,","Prévisions météorologiques localisées, Conseils techniques de  production, Suivi des prix des produits agricoles","Radio locale","Langues locales","Goun","La disponibilité des engrais chimiques","Accès aux intrants agricoles","Coopérative/groupement, ONG, Ministère de l'Agriculture, Entreprise privée","Non","Formations préalable, Gratuité du service, Langues compréhensibles, Garantie de fiabilité des informations","A discuter","Non"
1.84276687629872,0.689538322451683,"Homme","41 à 60 ans","Primaire","KPODAHA CENTRE","Parakou","Pluvial","Maïs","Riz","Soja","Hectare","ha","Plus de 10 ans","OUI","Sécheresses, Retards de pluies, Chaleurs extrêmes","Baisse de rendement, Pertes totales, Maladies ou  ravageurs,","Non","Semis précoce","Utilisation des variétés résistance aux stress","Internet et les ateliers","Oui, basique ( appels/ SMS)","Non","Non","Application mobile","jamais","Mensuellement","Jamais","Rarement","Jamais","Manque de formation, Langue/Compréhension, Manque de pertinence des informations","Conseils techniques de  production, Gestion de l'irrigation et de l'eau, Suivi des prix des produits agricoles, Accès au crédit ou à l' assurance agricole,","SMS, Application mobile, Radio locale","Langues locales","Goun","D'enregistrer  vos données de culture (dates, rendements,  superficies), D' accéder à des formations ou tutoriels en ligne, De signaler des problèmes ( maladies, manque d'eau etc...), D' obtenir des conseils personnalisés","None","ONG, Recherche","Non","Formations préalable, Langues compréhensibles, Garantie de fiabilité des informations","Oui","Non"
7.42962253928228,2.89695664400648,"Homme","41 à 60 ans","Supérieure","Amouloko","Misserete","Mixte","Maïs","Soja","Niébé","Hectare","KANTI","Moins de 05 ans","OUI","Inondations, Retards de pluies","Baisse de rendement, Dégradation des sols","Non","Semis précoce","Utilisation des variétés résistance aux stress","Internet et les ateliers","Oui , smartphone","Non","Non","Application mobile","Hebdomadairement","Quotidiennement","Jamais","Mensuellement","Rarement","Manque de réseau, Cout d'accès à internet, Langue/Compréhension","Prévisions météorologiques localisées, Alertes  précoces (sècheresse, inondation, ravageurs ), Conseils techniques de  production, Suivi des prix des produits agricoles, Accès au crédit ou à l' assurance agricole","SMS, Message vocaux, Radio locale,","Langues locales","Fongbé","D'enregistrer  vos données de culture (dates, rendements,  superficies), D'échanger avec d'autres producteurs, D' accéder à des formations ou tutoriels en ligne, De signaler des problèmes ( maladies, manque d'eau etc...), D' obtenir des conseils personnalisés,","Utile en hors ligne","Coopérative/groupement, ONG","Peut- être","Formations préalable, Gratuité du service, Interface simple, Langues compréhensibles, Garantie de fiabilité des informations","A discuter","Non"
0,0,"Femme","25 à 40 ans","Aucun","Ladji Farani","Misserete","Mixte","Maïs","Soja","Maïs","KANTI","KANTI","Plus de 10 ans","OUI","Sécheresses, Retards de pluies","Baisse de rendement, Pertes totales, Maladies ou  ravageurs,","Non","Semis précoce","Utilisation des variétés résistance aux stress","Internet et les ateliers","Oui, basique ( appels/ SMS)","Oui","Non","Réseaux sociaux agricoles","jamais","jamais","Quotidiennement","Rarement","Hebdomadairement","Manque de réseau, Cout d'accès à internet, Manque de formation, Langue/Compréhension, Manque de pertinence des informations","Conseils techniques de  production, Gestion de l'irrigation et de l'eau, Accès au crédit ou à l' assurance agricole","SMS, Radio locale,","Langues locales","Goun","D'enregistrer  vos données de culture (dates, rendements,  superficies), D'échanger avec d'autres producteurs, D' accéder à des formations ou tutoriels en ligne, De signaler des problèmes ( maladies, manque d'eau etc...), D' obtenir des conseils personnalisés","Accès aux intrants agricoles","Coopérative/groupement, ONG, Ministère de l'Agriculture, Entreprise privée,","Oui","Formations préalable, Gratuité du service, Interface simple, Langues compréhensibles, Garantie de fiabilité des informations","Oui","Non"
0,0,"Homme","41 à 60 ans","Supérieure","Titirou","Dogbo","Mixte","Maïs","Riz","Niebé","Hectare","Hectare","05 à 10 ans","OUI","Sécheresses, Retards de pluies, Chaleurs extrêmes","Baisse de rendement, Maladies ou  ravageurs","Non","Semis précoce","Utilisation des variétés résistance aux stress","Internet et les ateliers","Non","Oui","OUI","Application mobile, Plateforme web, Réseaux sociaux agricoles","Quotidiennement","Hebdomadairement","Jamais","Mensuellement","Jamais","Manque de réseau, Cout d'accès à internet, Manque de formation, Langue/Compréhension, Manque de pertinence des informations,","Prévisions météorologiques localisées, Alertes  précoces (sècheresse, inondation, ravageurs ), Conseils techniques de  production, Gestion de l'irrigation et de l'eau, Suivi des prix des produits agricoles, Accès au crédit ou à l' assurance agricole,","SMS, Message vocaux, Application mobile, Radio locale","Langues locales","Goun","D'échanger avec d'autres producteurs, De signaler des problèmes ( maladies, manque d'eau etc...), D' obtenir des conseils personnalisés,","Utile en hors ligne","Structures bien expérimentées","Oui","Formations préalable, Langues compréhensibles, Garantie de fiabilité des informations","A discuter","Non"
0,0,"Homme","41 à 60 ans","Aucun","Amouloko","Misserete","Pluvial","Tomates","Manioc","Niebé","Hectare","KANTI","05 à 10 ans","OUI","Sécheresses, Inondations, Retards de pluies, Chaleurs extrêmes,","Maladies ou  ravageurs, Dégradation des sols","Non","Semis précoce","Internet et les ateliers organisés par le service climatique au Bénin","Semis échelonné","Oui , smartphone","Non","Non","Application mobile,","Quotidiennement","Jamais","Jamais","Jamais","Quotidiennement","Manque de réseau, Manque de formation, Langue/Compréhension, Manque de pertinence des informations, Ah","Alertes  précoces (sècheresse, inondation, ravageurs ), Conseils techniques de  production, Suivi des prix des produits agricoles","Radio locale","Langues locales","Goun","D'échanger avec d'autres producteurs, D' accéder à des formations ou tutoriels en ligne, De signaler des problèmes ( maladies, manque d'eau etc...), D' obtenir des conseils personnalisés","Utile en hors ligne","Coopérative/groupement, ONG","Non","Formations préalable, Gratuité du service, Interface simple, Langues compréhensibles, Garantie de fiabilité des informations","A discuter","Non"
0,0,"Homme","41 à 60 ans","Aucun","Baka","Dogbo","Pluvial","Maïs","Soja","Manioc","Hectare","Hectare","05 à 10 ans","OUI","Inondations","Baisse de rendement, Maladies ou  ravageurs,","Non","Suivre la météo Bénin","Internet et les ateliers organisés par le service climatique au Bénin","Internet et les ateliers","Oui , smartphone","Oui","Non","SMS d'alerte météo, Réseaux sociaux agricoles","Quotidiennement","Mensuellement","Rarement","Jamais","Mensuellement","Manque de réseau","Conseils techniques de  production, Gestion de l'irrigation et de l'eau, Suivi des prix des produits agricoles, Accès au crédit ou à l' assurance agricole,","SMS, Application mobile, Radio locale","Langues locales","Goun","D'enregistrer  vos données de culture (dates, rendements,  superficies), D'échanger avec d'autres producteurs, D' accéder à des formations ou tutoriels en ligne, De signaler des problèmes ( maladies, manque d'eau etc...), D' obtenir des conseils personnalisés,","Rapide","ONG, Ministère de l'Agriculture, Entreprise privée","Oui","Formations préalable, Gratuité du service, Langues compréhensibles","Oui","Non"
0.428859802783211,0.428859802783211,"Homme","25 à 40 ans","Primaire","ZOKPEDJI","Bopa","Pluvial","Maïs","Maïs","Maïs","Hectare","Hectare","Plus de 10 ans","OUI","Sécheresses, Inondations, Retards de pluies, Chaleurs extrêmes,","Baisse de rendement, Maladies ou  ravageurs, Dégradation des sols","Non","Semis précoce","Utilisation des variétés résistance aux stress","Internet et les ateliers","Oui , smartphone","Non","Non","SMS d'alerte météo, Réseaux sociaux agricoles","Jamais","Mensuellement","Jamais","Quotidiennement","Jamais","Manque de pertinence des informations","Conseils techniques de  production, Gestion de l'irrigation et de l'eau, Accès au crédit ou à l' assurance agricole","SMS, Radio locale,","Langues locales","Fon","D'enregistrer  vos données de culture (dates, rendements,  superficies), D'échanger avec d'autres producteurs, D' accéder à des formations ou tutoriels en ligne, De signaler des problèmes ( maladies, manque d'eau etc...), D' obtenir des conseils personnalisés","Accédez à des formations ou tutoriels en ligne","Coopérative/groupement, ONG, Ministère de l'Agriculture","Oui","Formations préalable, Gratuité du service, Interface simple, Langues compréhensibles, Garantie de fiabilité des informations","Oui","Non"
5.61976619660257,2.19827902317898,"Femme","25 à 40 ans","Supérieure","Waisogbé","Parakou","Mixte","Manioc","Maïs","Niebé","KANTI","Hectare","Plus de 10 ans","OUI","Sécheresses, Retards de pluies, Chaleurs extrêmes","Baisse de rendement","Non","Suivre la météo Bénin","Internet et les ateliers organisés par le service climatique au Bénin","Semis échelonné","Oui , smartphone","Oui","Non","SMS d'alerte météo, Réseaux sociaux agricoles","Hebdomadairement","jamais","Jamais","Jamais","Mensuellement","Manque de réseau, Cout d'accès à internet, Langue/Compréhension","Prévisions météorologiques localisées, Alertes  précoces (sècheresse, inondation, ravageurs ), Conseils techniques de  production, Gestion de l'irrigation et de l'eau","Radio locale","Langues locales,","ADJA ET MINA","D'enregistrer  vos données de culture (dates, rendements,  superficies), D'échanger avec d'autres producteurs, D' accéder à des formations ou tutoriels en ligne, De signaler des problèmes ( maladies, manque d'eau etc...), D' obtenir des conseils personnalisés,","Accès aux intrants agricoles","Coopérative/groupement, ONG","Oui","Formations préalable, Gratuité du service, Interface simple, Langues compréhensibles, Garantie de fiabilité des informations","Oui","Non"
7.71808374544338,2.26616726264123,"Homme","41 à 60 ans","Aucun","Amouloko","Misserete","Pluvial","Maïs","Maïs","Soja","Hectare","ha","Plus de 10 ans","OUI","Sécheresses, Inondations, Retards de pluies, Chaleurs extrêmes,","Baisse de rendement, Pertes totales","Non","Suivre la météo Bénin","Internet et les ateliers organisés par le service climatique au Bénin","Semis échelonné","Oui, basique ( appels/ SMS)","Non","Non","Application mobile,","Hebdomadairement","Hebdomadairement","Jamais","Quotidiennement","Hebdomadairement","Manque de formation, Langue/Compréhension, Manque de pertinence des informations","Alertes  précoces (sècheresse, inondation, ravageurs ), Conseils techniques de  production, Gestion de l'irrigation et de l'eau, Suivi des prix des produits agricoles, Accès au crédit ou à l' assurance agricole,","Application mobile, Réseaux sociaux","Langues locales","Fon","D' accéder à des formations ou tutoriels en ligne, De signaler des problèmes ( maladies, manque d'eau etc...), D' obtenir des conseils personnalisés,","Très flexible pour les meilleures formations avec supports et attestations ou diplômes après formations","Coopérative/groupement, ONG, Ministère de l'Agriculture, Entreprise privée","Peut- être","Langues compréhensibles, Garantie de fiabilité des informations","Oui","LA STABILITÉ DES PRIX DES PRODUITS SUR LE PLAN NATIONAL AINSI QUE LES ENGRAIS CHIMIQUES."
7.84442378292298,3.96000367676487,"Homme","25 à 40 ans","Primaire","Péhunco","Dogbo","Mixte","Maïs","Maïs","Niebé","Hectare","Hectare","05 à 10 ans","OUI","Sécheresses, Retards de pluies, Chaleurs extrêmes","Baisse de rendement, Maladies ou  ravageurs,","Non","Suivre la météo Bénin","Internet et les ateliers organisés par le service climatique au Bénin","Internet et les ateliers","Oui , smartphone","Non","Non","Application mobile,","jamais","Quotidiennement","Jamais","Jamais","Jamais","Manque de pertinence des informations","Conseils techniques de  production, Gestion de l'irrigation et de l'eau, Suivi des prix des produits agricoles, Accès au crédit ou à l' assurance agricole","Application mobile, Réseaux sociaux","Francais, Images/Pictogrammes","Goun","D'enregistrer  vos données de culture (dates, rendements,  superficies), D'échanger avec d'autres producteurs, D' accéder à des formations ou tutoriels en ligne, D' obtenir des conseils personnalisés","Formation","Coopérative/groupement, ONG, Ministère de l'Agriculture, Recherche, Entreprise privée,","Oui","Formations préalable, Interface simple, Langues compréhensibles","Oui","Non"
10.6349402056972,3.75865640000227,"Homme","25 à 40 ans","Primaire","Amouloko","Ouassa-Péhunco","Mixte","Maïs","Manioc","Niebé","Hectare","KANTI","05 à 10 ans","OUI","Sécheresses, Inondations, Retards de pluies","Baisse de rendement, Maladies ou  ravageurs,","OUI","Semis précoce","Internet et les ateliers organisés par le service climatique au Bénin","Semis échelonné","Oui, basique ( appels/ SMS)","Occasionnellement","OUI","SMS d'alerte météo, Réseaux sociaux agricoles","Quotidiennement","Jamais","Hebdomadairement","Quotidiennement","Mensuellement","Manque de réseau","Prévisions météorologiques localisées, Alertes  précoces (sècheresse, inondation, ravageurs ), Conseils techniques de  production, Gestion de l'irrigation et de l'eau, Suivi des prix des produits agricoles, Accès au crédit ou à l' assurance agricole,","SMS, Message vocaux, Application mobile, Radio locale","Langues locales","ADJA ET MINA","D'échanger avec d'autres producteurs, D' accéder à des formations ou tutoriels en ligne, De signaler des problèmes ( maladies, manque d'eau etc...)","DISPONIBILITÉ DES ENGRAIS CHIMIQUES.","ONG, Ministère de l'Agriculture, Entreprise privée","Oui","Formations préalable, Interface simple, Langues compréhensibles","Oui","Non"
6.63922593977982,3.00628357454426,"Homme","25 à 40 ans","Aucun","Katagon","Parakou","Pluvial","Maïs","Soja","Niebé","Hectare","ha","05 à 10 ans","OUI","Sécheresses, Inondations, Retards de pluies, Chaleurs extrêmes, Mauvaise répartition des pluies, délais court de l'harmattan","Baisse de rendement, Dégradation des sols","Non","Suivre la météo Bénin","Utilisation des variétés résistance aux stress","Semis échelonné","Oui, basique ( appels/ SMS)","Oui","Non","Application mobile, Plateforme web","Hebdomadairement","Jamais","Hebdomadairement","Quotidiennement","Jamais","Manque de réseau, Cout d'accès à internet, Langue/Compréhension","Conseils techniques de  production, Gestion de l'irrigation et de l'eau, Accès au crédit ou à l' assurance agricole","SMS, Radio locale,","Francais, Images/Pictogrammes","Fon","D'enregistrer  vos données de culture (dates, rendements,  superficies), D'échanger avec d'autres producteurs, D' accéder à des formations ou tutoriels en ligne, De signaler des problèmes ( maladies, manque d'eau etc...), D' obtenir des conseils personnalisés","Accédez à des formations ou tutoriels en ligne","Coopérative/groupement, ONG, Ministère de l'Agriculture, Recherche, Entreprise privée,","Oui","Gratuité du service, Langues compréhensibles","Oui","Non"
14.8474566883835,6.17586607904039,"Homme","41 à 60 ans","Supérieure","Ladji Farani","Bonou","Pluvial","Maïs","Riz","Manioc","Hectare","Hectare","05 à 10 ans","OUI","Sécheresses, Inondations, Retards de pluies, Chaleurs extrêmes,","Baisse de rendement, Pertes totales, Dégradation des sols","Non","Semis précoce","Utilisation des variétés résistance aux stress","Semis échelonné","Oui, basique ( appels/ SMS)","Occasionnellement","Non","Application mobile, Plateforme web, Réseaux sociaux agricoles","Hebdomadairement","Hebdomadairement","Hebdomadairement","Jamais","Rarement","Manque de réseau, Manque de formation, Langue/Compréhension, Manque de pertinence des informations, Ah","Prévisions météorologiques localisées, Alertes  précoces (sècheresse, inondation, ravageurs ), Conseils techniques de  production, Gestion de l'irrigation et de l'eau, Accès au crédit ou à l' assurance agricole","Application mobile, Réseaux sociaux","Langues locales","Goun","D'enregistrer  vos données de culture (dates, rendements,  superficies), D'échanger avec d'autres producteurs, D' accéder à des formations ou tutoriels en ligne, De signaler des problèmes ( maladies, manque d'eau etc...), D' obtenir des conseils personnalisés","None","Coopérative/groupement, ONG, Ministère de l'Agriculture","Oui","Formations préalable, Interface simple, Langues compréhensibles","Oui","Non"
0,0,"Femme","25 à 40 ans","Primaire","ADANDRO-AKODE","Misserete","Pluvial","Manioc","Sorgho","Soja","Hectare","Hectare","05 à 10 ans","OUI","Sécheresses, Inondations, Retards de pluies, Chaleurs extrêmes,","Baisse de rendement, Pertes totales","Non","Suivre la météo Bénin","Utilisation des variétés résistance aux stress","Semis échelonné","Oui, basique ( appels/ SMS)","Oui","Non","Application mobile,","Quotidiennement","Jamais","Rarement","Rarement","Rarement","Manque de réseau","Alertes  précoces (sècheresse, inondation, ravageurs ), Conseils techniques de  production, Suivi des prix des produits agricoles","SMS, Message vocaux, Radio locale,","Francais, Audio, Langues locales","ADJA ET MINA","D'enregistrer  vos données de culture (dates, rendements,  superficies), D'échanger avec d'autres producteurs, D' accéder à des formations ou tutoriels en ligne, De signaler des problèmes ( maladies, manque d'eau etc...), D' obtenir des conseils personnalisés,","Accès aux intrants agricoles","Coopérative/groupement, ONG","Peut- être","Langues compréhensibles, Garantie de fiabilité des informations","Oui","Non"
0,0,"Homme","25 à 40 ans","Primaire","KPODAHA CENTRE","Dogbo","Pluvial","Ananas","Choux","Manioc","Hectare","Hectare","Plus de 10 ans","Non","Sécheresses, Retards de pluies, Chaleurs extrêmes","Baisse de rendement, Pertes totales, Maladies ou  ravageurs,","Non","Suivre la météo Bénin","Internet et les ateliers organisés par le service climatique au Bénin","Semis échelonné","Oui, basique ( appels/ SMS)","Non","Non","Application mobile","jamais","Mensuellement","Quotidiennement","Quotidiennement","Jamais","Cout d'accès à internet, Manque de formation, Langue/Compréhension, Manque de pertinence des informations,","Conseils techniques de  production, Gestion de l'irrigation et de l'eau, Suivi des prix des produits agricoles, Accès au crédit ou à l' assurance agricole","Application mobile, Site web, Réseaux sociaux","Francais, Images/Pictogrammes","Goun","D'enregistrer  vos données de culture (dates, rendements,  superficies), D'échanger avec d'autres producteurs, D' accéder à des formations ou tutoriels en ligne, D' obtenir des conseils personnalisés","Accédez à des formations ou tutoriels en ligne","Ministère de l'Agriculture, DDAEP","Oui","Gratuité du service, Langues compréhensibles","Oui","Non"
13.8629122118268,5.35929791802349,"Homme","25 à 40 ans","Aucun","Waisogbé","Bonou","Pluvial","Maïs","Maïs","Niebé","Hectare","Hectare","Plus de 10 ans","OUI","Sécheresses, Retards de pluies, Chaleurs extrêmes","Baisse de rendement, Pertes totales, Maladies ou  ravageurs,","Non","Semis précoce","Internet et les ateliers organisés par le service climatique au Bénin","Semis échelonné","Oui, basique ( appels/ SMS)","Oui","Non","Application mobile,","jamais","Quotidiennement","Jamais","Jamais","Quotidiennement","Manque de réseau, Manque de formation, Langue/Compréhension, Manque de pertinence des informations,","Prévisions météorologiques localisées, Conseils techniques de  production, Suivi des prix des produits agricoles","Application mobile, Réseaux sociaux","Francais, Langues locales","Goun","D'enregistrer  vos données de culture (dates, rendements,  superficies), D'échanger avec d'autres producteurs, D' accéder à des formations ou tutoriels en ligne, De signaler des problèmes ( maladies, manque d'eau etc...), D' obtenir des conseils personnalisés,","Accès aux intrants agricoles","Ministère de l'Agriculture, DDAEP","Peut- être","Formations préalable, Gratuité du service, Interface simple, Langues compréhensibles, Garantie de fiabilité des informations","Oui","Non"
8.01977432248784,4.02271879332183,"Homme","41 à 60 ans","Aucun","Affamè","Parakou","Mixte","Maïs","Soja","Niébé","Hectare","Hectare","Plus de 10 ans","OUI","Sécheresses, Inondations, Retards de pluies,","Baisse de rendement, Pertes totales, Dégradation des sols","Non","Semis précoce","Utilisation des variétés résistance aux stress","Semis échelonné","Oui , smartphone","Non","Non","Application mobile, Plateforme web, Réseaux sociaux agricoles","Hebdomadairement","Jamais","Rarement","Quotidiennement","Quotidiennement","Langue/Compréhension","Alertes  précoces (sècheresse, inondation, ravageurs ), Conseils techniques de  production, Gestion de l'irrigation et de l'eau, Suivi des prix des produits agricoles, Accès au crédit ou à l' assurance agricole,","SMS, Message vocaux, Application mobile, Radio locale","Francais, Images/Pictogrammes","Fon","D'enregistrer  vos données de culture (dates, rendements,  superficies), D'échanger avec d'autres producteurs, D' obtenir des conseils personnalisés, Avoir accès aux intrants agricoles.","Très flexible pour les meilleures formations avec supports et attestations ou diplômes après formations","Coopérative/groupement, Ministère de l'Agriculture, Recherche","Oui","Formations préalable, Interface simple, Langues compréhensibles","Oui","LA STABILITÉ DES PRIX DES PRODUITS SUR LE PLAN NATIONAL AINSI QUE LES ENGRAIS CHIMIQUES."
8.82370438208268,3.20877218280115,"Homme","41 à 60 ans","Primaire","Péhunco","Parakou","Pluvial","Palmier à huile","Riz","Manioc","Hectare","Hectare","05 à 10 ans","OUI","Sécheresses, Inondations, Retards de pluies, Chaleurs extrêmes,","Baisse de rendement, Maladies ou  ravageurs,","Non","Semis précoce","Internet et les ateliers organisés par le service climatique au Bénin","Semis échelonné","Oui , smartphone","Oui","OUI","SMS d'alerte météo, Réseaux sociaux agricoles","Hebdomadairement","Jamais","Hebdomadairement","Rarement","Jamais","Cout d'accès à internet, Manque de formation, Langue/Compréhension","Prévisions météorologiques localisées, Alertes  précoces (sècheresse, inondation, ravageurs ), Conseils techniques de  production, Gestion de l'irrigation et de l'eau, Suivi des prix des produits agricoles, Accès au crédit ou à l' assurance agricole,","SMS, Radio locale,","Francais, Audio, Langues locales","ADJA ET MINA","La disponibilité des engrais chimiques","Formation régulière","Ministère de l'Agriculture","Peut- être","Formations préalable, Garantie de fiabilité des informations","Oui","Non"
0,0,"Homme","41 à 60 ans","Secondaire","Affamè","Dogbo","Mixte","Manioc","Maïs","Niebé","KANTI","KANTI","Plus de 10 ans","OUI","Sécheresses, Inondations, Retards de pluies, Chaleurs extrêmes,","Baisse de rendement, Maladies ou  ravageurs","Non","Suivre la météo Bénin","Utilisation des variétés résistance aux stress","Internet et les ateliers","Oui , smartphone","Non","Non","Réseaux sociaux agricoles","Quotidiennement","Mensuellement","Rarement","Rarement","Jamais","Manque de réseau, Manque de formation, Langue/Compréhension, Manque de pertinence des informations, Ah","Conseils techniques de  production, Gestion de l'irrigation et de l'eau, Accès au crédit ou à l' assurance agricole","Application mobile","Francais, Langues locales","Bariba","La disponibilité des engrais chimiques","Rapide","Coopérative/groupement, ONG, Ministère de l'Agriculture, Recherche, Entreprise privée,","Oui","Formations préalable, Gratuité du service, Interface simple, Langues compréhensibles, Garantie de fiabilité des informations","Oui","Non"
5.50902404605818,3.16473384906864,"Homme","25 à 40 ans","Supérieure","Waisogbé","Dogbo","Mixte","Maïs","Soja","Maïs","Hectare","Hectare","Plus de 10 ans","OUI","Sécheresses, Retards de pluies","Baisse de rendement, Pertes totales, Dégradation des sols","Non","Suivre la météo Bénin","Utilisation des variétés résistance aux stress","Internet et les ateliers","Oui, basique ( appels/ SMS)","Oui","Non","SMS d'alerte météo, Recherche sur internet","Hebdomadairement","Jamais","Jamais","Jamais","Jamais","Cout d'accès à internet, Manque de formation, Langue/Compréhension, Manque de pertinence des informations,","Prévisions météorologiques localisées, Alertes  précoces (sècheresse, inondation, ravageurs ), Conseils techniques de  production, Gestion de l'irrigation et de l'eau, Suivi des prix des produits agricoles, Accès au crédit ou à l' assurance agricole,","Radio locale","Langues locales","ADJA ET MINA","D'enregistrer  vos données de culture (dates, rendements,  superficies), D'échanger avec d'autres producteurs, D' accéder à des formations ou tutoriels en ligne, De signaler des problèmes ( maladies, manque d'eau etc...), D' obtenir des conseils personnalisés,","Utilisable en absence de la connexion","Coopérative/groupement, ONG","Peut- être","Formations préalable, Gratuité du service, Interface simple, Langues compréhensibles, Garantie de fiabilité des informations","A discuter","Non"
3.12542092747136,1.4079896978619,"Homme","41 à 60 ans","Aucun","Baka","Bopa","Mixte","Maïs","Maïs","Niébé","Hectare","Hectare","Plus de 10 ans","OUI","Inondations","Baisse de rendement, Maladies ou  ravageurs","Non","Semis précoce","Utilisation des variétés résistance aux stress","Semis échelonné","Oui, basique ( appels/ SMS)","Non","Non","SMS d'alerte météo, Réseaux sociaux agricoles","Hebdomadairement","Jamais","Hebdomadairement","Mensuellement","Hebdomadairement","Manque de réseau, Cout d'accès à internet","Prévisions météorologiques localisées, Conseils techniques de  production, Suivi des prix des produits agricoles","SMS, Application mobile, Radio locale","Langues locales","ADJA ET MINA","D'enregistrer  vos données de culture (dates, rendements,  superficies), D'échanger avec d'autres producteurs, D' accéder à des formations ou tutoriels en ligne, De signaler des problèmes ( maladies, manque d'eau etc...), D' obtenir des conseils personnalisés,","Rapide","ONG, Recherche","Oui","Gratuité du service, Langues compréhensibles","Oui","LA STABILITÉ DES PRIX DES PRODUITS SUR LE PLAN NATIONAL AINSI QUE LES ENGRAIS CHIMIQUES."
5.3590887987151,2.10379239700172,"Homme","25 à 40 ans","Primaire","Amouloko","Parakou","Mixte","Coton","Maïs","Niebé","Hectare","Hectare","Plus de 10 ans","OUI","Sécheresses, Retards de pluies, Chaleurs extrêmes","Baisse de rendement, Pertes totales, Maladies ou  ravageurs, Dégradation des sols,","Non","Semis précoce","Internet et les ateliers organisés par le service climatique au Bénin","Semis échelonné","Oui, basique ( appels/ SMS)","Oui","OUI","SMS d'alerte météo, Recherche sur internet","Quotidiennement","Quotidiennement","Jamais","Jamais","Hebdomadairement","Manque de formation, Langue/Compréhension, Manque de pertinence des informations","Prévisions météorologiques localisées, Alertes  précoces (sècheresse, inondation, ravageurs ), Conseils techniques de  production, Suivi des prix des produits agricoles, Accès au crédit ou à l' assurance agricole","Application mobile","Francais, Langues locales","Fongbé","D'enregistrer  vos données de culture (dates, rendements,  superficies), D'échanger avec d'autres producteurs, Disponibilité des engrais chimiques","Formation régulière","ONG, Ministère de l'Agriculture, Entreprise privée","Oui","Formations préalable, Gratuité du service, Interface simple, Langues compréhensibles, Garantie de fiabilité des informations","Oui","Non"
5.41217518611877,2.33572913162101,"Homme","25 à 40 ans","Aucun","Titirou","Dogbo","Pluvial","Manioc","Sorgho","Niébé","Hetare","KANTI","Moins de 05 ans","OUI","Sécheresses, Inondations, Retards de pluies, Chaleurs extrêmes,","Baisse de rendement, Pertes totales","Non","Suivre la météo Bénin","Internet et les ateliers organisés par le service climatique au Bénin","Semis échelonné","Oui , smartphone","Occasionnellement","Non","Application mobile, Plateforme web, Réseaux sociaux agricoles","jamais","Hebdomadairement","Hebdomadairement","Jamais","Jamais","Manque de réseau, Cout d'accès à internet","Conseils techniques de  production, Gestion de l'irrigation et de l'eau, Accès au crédit ou à l' assurance agricole","Application mobile, Réseaux sociaux","Langues locales","Bariba","D'enregistrer  vos données de culture (dates, rendements,  superficies), D'échanger avec d'autres producteurs, D' accéder à des formations ou tutoriels en ligne, De signaler des problèmes ( maladies, manque d'eau etc...), D' obtenir des conseils personnalisés,","Rapide","Coopérative/groupement, ONG, Ministère de l'Agriculture, Recherche, Entreprise privée,","Oui","Formations préalable, Garantie de fiabilité des informations","Oui","Non"
0,0,"Homme","41 à 60 ans","Supérieure","Baka","Misserete","Mixte","Palmier à huile","Arachide","Maïs","KANTI","ha","Plus de 10 ans","OUI","Sécheresses, Retards de pluies,","Baisse de rendement, Pertes totales, Maladies ou  ravageurs,","Non","Suivre la météo Bénin","Internet et les ateliers organisés par le service climatique au Bénin","Internet et les ateliers","Non","Non","Non","SMS d'alerte météo, Réseaux sociaux agricoles","Quotidiennement","Jamais","Jamais","Jamais","Jamais","Cout d'accès à internet, Langue/Compréhension","Prévisions météorologiques localisées, Alertes  précoces (sècheresse, inondation, ravageurs ), Conseils techniques de  production, Gestion de l'irrigation et de l'eau, Suivi des prix des produits agricoles, Accès au crédit ou à l' assurance agricole,","Application mobile","Langues locales","Bariba","D'enregistrer  vos données de culture (dates, rendements,  superficies), D'échanger avec d'autres producteurs, D' accéder à des formations ou tutoriels en ligne, De signaler des problèmes ( maladies, manque d'eau etc...), D' obtenir des conseils personnalisés","Accès aux intrants agricoles","Coopérative/groupement, ONG, Ministère de l'Agriculture, Entreprise privée,","Oui","Formations préalable, Interface simple, Langues compréhensibles","A discuter","LA STABILITÉ DES PRIX DES PRODUITS SUR LE PLAN NATIONAL AINSI QUE LES ENGRAIS CHIMIQUES."
6.8006608285458,2.98544734949991,"Homme","25 à 40 ans","Aucun","Péhunco","Ouassa-Péhunco","Pluvial","Palmier à huile","Choux","Maïs","Hectare","KANTI","Moins de 05 ans","Non","Sécheresses, Inondations, Retards de pluies, Chaleurs extrêmes,","Baisse de rendement, Pertes totales","Non","Semis précoce","Internet et les ateliers organisés par le service climatique au Bénin","Internet et les ateliers","Oui , smartphone","Oui","Non","Application mobile, Plateforme web, Réseaux sociaux agricoles","jamais","Jamais","Jamais","Mensuellement","Mensuellement","Cout d'accès à internet, Manque de formation, Langue/Compréhension, Manque de pertinence des informations,","Prévisions météorologiques localisées, Conseils techniques de  production, Suivi des prix des produits agricoles","SMS, Application mobile, Radio locale","Langues locales","Bariba","D'échanger avec d'autres producteurs, De signaler des problèmes ( maladies, manque d'eau etc...), D' obtenir des conseils personnalisés","Accédez à des formations ou tutoriels en ligne","Coopérative/groupement, ONG, Ministère de l'Agriculture, Entreprise privée,","Non","Gratuité du service, Langues compréhensibles","Oui","Formations et vidéos puis des visites d'échanges d'expériences"
0,0,"Femme","41 à 60 ans","Aucun","Péhunco","Bonou","Pluvial","Tomates","Maïs","Maïs","Hectare","KANTI","05 à 10 ans","OUI","Sécheresses, Retards de pluies,","Maladies ou  ravageurs, Dégradation des sols","Non","Semis précoce","Internet et les ateliers organisés par le service climatique au Bénin","Internet et les ateliers","Non","Non","Non","Application mobile, Plateforme web","Hebdomadairement","Quotidiennement","Jamais","Jamais","Jamais","Cout d'accès à internet, Manque de formation, Langue/Compréhension","Alertes  précoces (sècheresse, inondation, ravageurs ), Conseils techniques de  production, Gestion de l'irrigation et de l'eau, Suivi des prix des produits agricoles, Accès au crédit ou à l' assurance agricole,","Radio locale,","Francais, Audio, Langues locales","Fon","D'enregistrer  vos données de culture (dates, rendements,  superficies), D'échanger avec d'autres producteurs, D' accéder à des formations ou tutoriels en ligne, De signaler des problèmes ( maladies, manque d'eau etc...), D' obtenir des conseils personnalisés,","Accès aux intrants agricoles","ONG, Ministère de l'Agriculture, Entreprise privée","Oui","Formations préalable, Langues compréhensibles, Garantie de fiabilité des informations","A discuter","Non"
17.3915198852621,5.90396948281808,"Homme","25 à 40 ans","Primaire","Houekpa kpota","Misserete","Mixte","Palmier à huile","Manioc","Manioc","Hectare","Hectare","Plus de 10 ans","OUI","Sécheresses, Inondations, Retards de pluies, Chaleurs extrêmes,","Baisse de rendement, Pertes totales, Dégradation des sols","Non","Suivre la météo Bénin","Utilisation des variétés résistance aux stress","Semis échelonné","Oui, basique ( appels/ SMS)","Oui","OUI","SMS d'alerte météo, Réseaux sociaux agricoles","jamais","Mensuellement","Jamais","Quotidiennement","Hebdomadairement","Manque de réseau, Manque de formation, Langue/Compréhension, Manque de pertinence des informations,","Alertes  précoces (sècheresse, inondation, ravageurs ), Conseils techniques de  production, Gestion de l'irrigation et de l'eau","Application mobile, Réseaux sociaux","Langues locales","ADJA ET MINA","D'enregistrer  vos données de culture (dates, rendements,  superficies), D'échanger avec d'autres producteurs, D' accéder à des formations ou tutoriels en ligne, De signaler des problèmes ( maladies, manque d'eau etc...), D' obtenir des conseils personnalisés","Formation","Coopérative/groupement, ONG, Ministère de l'Agriculture, Entreprise privée,","Oui","Formations préalable, Langues compréhensibles, Garantie de fiabilité des informations","Oui","Non"
0.336170237699255,0.336170237699255,"Homme","25 à 40 ans","Aucun","Katagon","Misserete","Mixte","Maïs","Maïs","Niebé","Hectare","Hectare","Moins de 05 ans","OUI","Sécheresses, Retards de pluies","Baisse de rendement, Pertes totales, Maladies ou  ravageurs,","Non","Suivre la météo Bénin","Utilisation des variétés résistance aux stress","Semis échelonné","Oui , smartphone","Oui","Non","SMS d'alerte météo, Réseaux sociaux agricoles","Quotidiennement","Hebdomadairement","Jamais","Jamais","Jamais","Manque de formation","Prévisions météorologiques localisées, Alertes  précoces (sècheresse, inondation, ravageurs ), Conseils techniques de  production, Gestion de l'irrigation et de l'eau, Suivi des prix des produits agricoles, Accès au crédit ou à l' assurance agricole","SMS, Application mobile, Réseaux sociaux","Francais, Langues locales","Fon","D'enregistrer  vos données de culture (dates, rendements,  superficies), D'échanger avec d'autres producteurs, D' accéder à des formations ou tutoriels en ligne, De signaler des problèmes ( maladies, manque d'eau etc...), D' obtenir des conseils personnalisés,","Accédez à des formations ou tutoriels en ligne","ONG, Ministère de l'Agriculture, Entreprise privée","Peut- être","Formations préalable, Gratuité du service, Interface simple, Langues compréhensibles, Garantie de fiabilité des informations","Oui","LA STABILITÉ DES PRIX DES PRODUITS SUR LE PLAN NATIONAL AINSI QUE LES ENGRAIS CHIMIQUES."
4.1787948899349,1.63836669636225,"Homme","25 à 40 ans","Aucun","Katagon","Adjohoun","Mixte","Palmier à huile","Maïs","Niébé","Hectare","Hectare","Plus de 10 ans","OUI","Sécheresses, Retards de pluies,","Baisse de rendement, Pertes totales, Dégradation des sols","Non","Suivre la météo Bénin","Internet et les ateliers organisés par le service climatique au Bénin","Semis échelonné","Oui , smartphone","Non","Non","Application mobile","Quotidiennement","Jamais","Jamais","Rarement","Quotidiennement","Manque de réseau, Cout d'accès à internet, Langue/Compréhension","Conseils techniques de  production, Gestion de l'irrigation et de l'eau, Accès au crédit ou à l' assurance agricole","Radio locale,","Langues locales","Goun","D'enregistrer  vos données de culture (dates, rendements,  superficies), D'échanger avec d'autres producteurs, D' accéder à des formations ou tutoriels en ligne, De signaler des problèmes ( maladies, manque d'eau etc...), D' obtenir des conseils personnalisés","Utilisable en absence de la connexion","Coopérative/groupement, ONG","Oui","Gratuité du service, Langues compréhensibles","Oui","Non"
3.26084062755466,2.02332269219232,"Femme","41 à 60 ans","Supérieure","ADANDRO-AKODE","Parakou","Mixte","Maïs","Manioc","Manioc","Hectare","Hectare","Plus de 10 ans","OUI","Inondations, Retards de pluies","Baisse de rendement, Dégradation des sols","Non","Semis précoce","Utilisation des variétés résistance aux stress","Internet et les ateliers","Oui, basique ( appels/ SMS)","Non","Non","Réseaux sociaux agricoles","jamais","Mensuellement","Quotidiennement","Jamais","Jamais","Cout d'accès à internet, Langue/Compréhension","Conseils techniques de  production, Gestion de l'irrigation et de l'eau, Suivi des prix des produits agricoles, Accès au crédit ou à l' assurance agricole,","Radio locale,","Langues locales","Bariba","D'enregistrer  vos données de culture (dates, rendements,  superficies), D'échanger avec d'autres producteurs, D' accéder à des formations ou tutoriels en ligne, De signaler des problèmes ( maladies, manque d'eau etc...), D' obtenir des conseils personnalisés","Rapide","Coopérative/groupement, ONG, Ministère de l'Agriculture, Entreprise privée","Oui","Langues compréhensibles, Garantie de fiabilité des informations","Oui","Non"
2.15994758545715,0.98043947769613,"Homme","25 à 40 ans","Aucun","Houekpa kpota","Misserete","Pluvial","Maïs","Arachide","Soja","KANTI","KANTI","Plus de 10 ans","OUI","Sécheresses, Inondations, Retards de pluies","Maladies ou  ravageurs, Dégradation des sols","Non","Suivre la météo Bénin","Internet et les ateliers organisés par le service climatique au Bénin","Semis échelonné","Oui , smartphone","Oui","Non","Application mobile, Plateforme web, Réseaux sociaux agricoles","jamais","Hebdomadairement","Quotidiennement","Quotidiennement","Mensuellement","Manque de réseau","Conseils techniques de  production, Gestion de l'irrigation et de l'eau, Suivi des prix des produits agricoles, Accès au crédit ou à l' assurance agricole,","Radio locale","Langues locales,","Fon","D'enregistrer  vos données de culture (dates, rendements,  superficies), D'échanger avec d'autres producteurs, D' accéder à des formations ou tutoriels en ligne, De signaler des problèmes ( maladies, manque d'eau etc...), D' obtenir des conseils personnalisés","Formation régulière","Coopérative/groupement, ONG, Ministère de l'Agriculture, Entreprise privée,","Oui","Formations préalable, Gratuité du service, Langues compréhensibles","Oui","Non"
8.86589110844612,4.07914988041097,"Homme","25 à 40 ans","Supérieure","Titirou","Dogbo","Pluvial","Manioc","Arachide","Niebé","Hectare","KANTI","05 à 10 ans","OUI","Inondations, Retards de pluies","Baisse de rendement, Maladies ou  ravageurs,","Non","Suivre la météo Bénin","Internet et les ateliers organisés par le service climatique au Bénin","Semis échelonné","Non","Non","Non","SMS d'alerte météo, Réseaux sociaux agricoles","Quotidiennement","Mensuellement","Jamais","Quotidiennement","Jamais","Manque de réseau, Cout d'accès à internet, Manque de formation, Langue/Compréhension, Manque de pertinence des informations","Prévisions météorologiques localisées, Alertes  précoces (sècheresse, inondation, ravageurs ), Conseils techniques de  production, Gestion de l'irrigation et de l'eau, Suivi des prix des produits agricoles, Accès au crédit ou à l' assurance agricole,","SMS, Application mobile, Radio locale","Francais, Langues locales","Bariba","D'échanger avec d'autres producteurs, D' accéder à des formations ou tutoriels en ligne, De signaler des problèmes ( maladies, manque d'eau etc...), D' obtenir des conseils personnalisés","Rapide","Coopérative/groupement, ONG, Ministère de l'Agriculture, Recherche, Entreprise privée,","Oui","Formations préalable, Gratuité du service, Interface simple, Langues compréhensibles, Garantie de fiabilité des informations","Oui","Formations et vidéos puis des visites d'échanges d'expériences"
7.49491401519976,3.76188198739928,"Homme","41 à 60 ans","Supérieure","Amouloko","Misserete","Pluvial","Maïs","Arachide","Soja","Hectare","Hectare","Plus de 10 ans","OUI","Sécheresses, Retards de pluies, Chaleurs extrêmes","Baisse de rendement, Maladies ou  ravageurs,","OUI","Semis précoce","Utilisation des variétés résistance aux stress","Internet et les ateliers","Oui, basique ( appels/ SMS)","Non","Non","Application mobile","jamais","Mensuellement","Quotidiennement","Jamais","Jamais","Manque de réseau, Manque de formation, Langue/Compréhension, Manque de pertinence des informations,","Prévisions météorologiques localisées, Alertes  précoces (sècheresse, inondation, ravageurs ), Conseils techniques de  production, Gestion de l'irrigation et de l'eau, Suivi des prix des produits agricoles, Accès au crédit ou à l' assurance agricole","Application mobile, Réseaux sociaux","Langues locales","ADJA ET MINA","D'enregistrer  vos données de culture (dates, rendements,  superficies), D'échanger avec d'autres producteurs, D' accéder à des formations ou tutoriels en ligne, D' obtenir des conseils personnalisés","None","Coopérative/groupement, ONG, Ministère de l'Agriculture, Recherche, Entreprise privée,","Oui","Formations préalable, Gratuité du service, Langues compréhensibles, Garantie de fiabilité des informations","Oui","Non"
13.5564361798686,3.40330313922886,"Homme","41 à 60 ans","Aucun","Baka","Misserete","Mixte","Maïs","Riz","Niebé","KANTI","Hectare","05 à 10 ans","OUI","Sécheresses, Retards de pluies","Baisse de rendement, Pertes totales","Non","Semis précoce","Internet et les ateliers organisés par le service climatique au Bénin","Internet et les ateliers","Oui , smartphone","Non","Non","Application mobile, Plateforme web, Réseaux sociaux agricoles","Jamais","Quotidiennement","Rarement","Jamais","Mensuellement","Cout d'accès à internet, Langue/Compréhension","Prévisions météorologiques localisées, Alertes  précoces (sècheresse, inondation, ravageurs ), Conseils techniques de  production, Gestion de l'irrigation et de l'eau, Suivi des prix des produits agricoles, Accès au crédit ou à l' assurance agricole","SMS, Message vocaux, Application mobile, Radio locale","Langues locales","Fon","D'échanger avec d'autres producteurs, D' accéder à des formations ou tutoriels en ligne, De signaler des problèmes ( maladies, manque d'eau etc...)","Accéder à des formations ou tutoriells en ligne","Coopérative/groupement, ONG, Ministère de l'Agriculture","Oui","Formations préalable, Garantie de fiabilité des informations","Oui","Non"
13.4715806234955,5.18271895683078,"Homme","25 à 40 ans","Primaire","Waisogbé","Misserete","Mixte","Maïs","Choux","Soja","KANTI","ha","Plus de 10 ans","OUI","Sécheresses, Inondations, Retards de pluies, Chaleurs extrêmes,","Baisse de rendement, Dégradation des sols","Non","Semis précoce","Utilisation des variétés résistance aux stress","Semis échelonné","Oui, basique ( appels/ SMS)","Non","Non","Réseaux sociaux agricoles","Hebdomadairement","Hebdomadairement","Jamais","Jamais","Mensuellement","Manque de réseau, Cout d'accès à internet","Alertes  précoces (sècheresse, inondation, ravageurs ), Conseils techniques de  production, Gestion de l'irrigation et de l'eau, Suivi des prix des produits agricoles, Accès au crédit ou à l' assurance agricole,","SMS, Radio locale,","Langues locales","Fongbé","D'enregistrer  vos données de culture (dates, rendements,  superficies), D'échanger avec d'autres producteurs, Disponibilité des engrais chimiques","None","Coopérative/groupement, ONG, Ministère de l'Agriculture, Entreprise privée","Oui","Formations préalable, Gratuité du service","Oui","Non"
2.65920817137354,1.50630484383448,"Homme","25 à 40 ans","Secondaire","Katagon","Misserete","Pluvial","Maïs","Riz","Niebé","Hectare","KANTI","05 à 10 ans","OUI","Sécheresses, Inondations, Retards de pluies","Baisse de rendement, Maladies ou  ravageurs, Dégradation des sols","Non","Semis précoce","Utilisation des variétés résistance aux stress","Internet et les ateliers","Oui, basique ( appels/ SMS)","Non","Non","SMS d'alerte météo, Recherche sur internet","jamais","Mensuellement","Hebdomadairement","Quotidiennement","Jamais","Manque de réseau, Manque de formation, Langue/Compréhension, Manque de pertinence des informations, Ah","Prévisions météorologiques localisées, Alertes  précoces (sècheresse, inondation, ravageurs ), Conseils techniques de  production, Gestion de l'irrigation et de l'eau, Suivi des prix des produits agricoles, Accès au crédit ou à l' assurance agricole,","SMS, Message vocaux, Radio locale,","Francais, Audio, Langues locales","ADJA ET MINA","D'enregistrer  vos données de culture (dates, rendements,  superficies), D'échanger avec d'autres producteurs, D' accéder à des formations ou tutoriels en ligne, De signaler des problèmes ( maladies, manque d'eau etc...), D' obtenir des conseils personnalisés","Formation","Coopérative/groupement, ONG, Ministère de l'Agriculture, Entreprise privée","Oui","Gratuité du service, Langues compréhensibles","A discuter","Non"
1.55823962184437,1.00089238078786,"Femme","41 à 60 ans","Aucun","Houekpa kpota","Misserete","Pluvial","Maïs","Soja","Niebé","KANTI","KANTI","05 à 10 ans","OUI","Sécheresses, Inondations, Retards de pluies","Baisse de rendement, Maladies ou  ravageurs","Non","Semis précoce","Internet et les ateliers organisés par le service climatique au Bénin","Semis échelonné","Oui, basique ( appels/ SMS)","Non","Non","Application mobile,","Jamais","Mensuellement","Quotidiennement","Jamais","Jamais","Manque de réseau, Manque de formation, Langue/Compréhension, Manque de pertinence des informations,","Conseils techniques de  production, Gestion de l'irrigation et de l'eau, Accès au crédit ou à l' assurance agricole","SMS,","Francais, Audio, Langues locales","Goun","D'échanger avec d'autres producteurs, D' accéder à des formations ou tutoriels en ligne, De signaler des problèmes ( maladies, manque d'eau etc...), D' obtenir des conseils personnalisés","Conseils et formation","Coopérative/groupement, ONG, Ministère de l'Agriculture, Entreprise privée,","Oui","Formations préalable, Gratuité du service, Interface simple, Langues compréhensibles, Garantie de fiabilité des informations","Oui","LA STABILITÉ DES PRIX DES PRODUITS SUR LE PLAN NATIONAL AINSI QUE LES ENGRAIS CHIMIQUES."
4.53841383083031,2.46991691085524,"Homme","25 à 40 ans","Primaire","ZOKPEDJI","Misserete","Pluvial","Maïs","Soja","Manioc","KANTI","KANTI","Moins de 05 ans","OUI","Sécheresses, Inondations, Retards de pluies, Chaleurs extrêmes,","Baisse de rendement, Dégradation des sols","Non","Suivre la météo Bénin","Utilisation des variétés résistance aux stress","Internet et les ateliers","Oui , smartphone","Non","OUI","Réseaux sociaux agricoles","Hebdomadairement","jamais","Hebdomadairement","Jamais","Jamais","Manque de réseau, Manque de formation","Conseils techniques de  production, Gestion de l'irrigation et de l'eau, Accès au crédit ou à l' assurance agricole","Application mobile, Site web, Réseaux sociaux","Langues locales,","Bariba","D'enregistrer  vos données de culture (dates, rendements,  superficies), D'échanger avec d'autres producteurs, D' accéder à des formations ou tutoriels en ligne, De signaler des problèmes ( maladies, manque d'eau etc...), D' obtenir des conseils personnalisés,","Utile en hors ligne","Coopérative/groupement, ONG, Ministère de l'Agriculture, Entreprise privée,","Oui","Langues compréhensibles, Garantie de fiabilité des informations","Oui","Non"
0,0,"Homme","41 à 60 ans","Aucun","Ladji Farani","Misserete","Mixte","Maïs","Manioc","Niébé","Hectare","Hectare","05 à 10 ans","OUI","Sécheresses, Retards de pluies,","Baisse de rendement, Pertes totales, Maladies ou  ravageurs, Dégradation des sols,","Non","Suivre la météo Bénin","Internet et les ateliers organisés par le service climatique au Bénin","Semis échelonné","Oui, basique ( appels/ SMS)","Non","OUI","SMS d'alerte météo, Réseaux sociaux agricoles","Hebdomadairement","Jamais","Hebdomadairement","Jamais","Rarement","Manque de réseau, Cout d'accès à internet, Manque de formation, Langue/Compréhension, Manque de pertinence des informations","Prévisions météorologiques localisées, Alertes  précoces (sècheresse, inondation, ravageurs ), Conseils techniques de  production, Gestion de l'irrigation et de l'eau, Suivi des prix des produits agricoles, Accès au crédit ou à l' assurance agricole,","SMS, Application mobile, Radio locale","Francais","Goun","D'enregistrer  vos données de culture (dates, rendements,  superficies), D'échanger avec d'autres producteurs, D' accéder à des formations ou tutoriels en ligne, De signaler des problèmes ( maladies, manque d'eau etc...), D' obtenir des conseils personnalisés","Formation","Ministère de l'Agriculture","Oui","Langues compréhensibles, Garantie de fiabilité des informations","Oui","Non"
0,0,"Femme","41 à 60 ans","Aucun","Waisogbé","Bopa","Pluvial","Palmier à huile","Riz","Niebé","Hectare","Hectare","Plus de 10 ans","OUI","Sécheresses, Inondations, Retards de pluies, Chaleurs extrêmes,","Baisse de rendement, Maladies ou  ravageurs,","Non","Semis précoce","Utilisation des variétés résistance aux stress","Semis échelonné","Oui, basique ( appels/ SMS)","Non","Non","SMS d'alerte météo, Recherche sur internet","Quotidiennement","Jamais","Rarement","Jamais","Jamais","Cout d'accès à internet, Langue/Compréhension","Alertes  précoces (sècheresse, inondation, ravageurs ), Conseils techniques de  production, Gestion de l'irrigation et de l'eau","SMS, Radio locale,","Langues locales","Bariba","D'échanger avec d'autres producteurs, De signaler des problèmes ( maladies, manque d'eau etc...), D' obtenir des conseils personnalisés","Rapide","Ministère de l'Agriculture","Peut- être","Formations préalable, Gratuité du service, Interface simple, Langues compréhensibles, Garantie de fiabilité des informations","A discuter","Formations et vidéos puis des visites d'échanges d'expériences"
8.89188160133457,3.67558585827146,"Homme","41 à 60 ans","Aucun","Affamè","Bonou","Mixte","Maïs","Maïs","Manioc","Hectare","Hectare","05 à 10 ans","OUI","Sécheresses, Inondations, Retards de pluies","Baisse de rendement, Maladies ou  ravageurs,","Non","Semis précoce","Internet et les ateliers organisés par le service climatique au Bénin","Semis échelonné","Oui, basique ( appels/ SMS)","Non","Non","Réseaux sociaux agricoles","Hebdomadairement","Hebdomadairement","Jamais","Quotidiennement","Rarement","Cout d'accès à internet, Manque de formation, Langue/Compréhension","Alertes  précoces (sècheresse, inondation, ravageurs ), Conseils techniques de  production, Gestion de l'irrigation et de l'eau, Suivi des prix des produits agricoles, Accès au crédit ou à l' assurance agricole,","SMS, Message vocaux, Radio locale,","Francais, Langues locales","ADJA ET MINA","D'enregistrer  vos données de culture (dates, rendements,  superficies), D'échanger avec d'autres producteurs, D' accéder à des formations ou tutoriels en ligne, De signaler des problèmes ( maladies, manque d'eau etc...), D' obtenir des conseils personnalisés,","Utile en hors ligne","Coopérative/groupement, Ministère de l'Agriculture, Recherche","Oui","Formations préalable, Garantie de fiabilité des informations","Oui","LA STABILITÉ DES PRIX DES PRODUITS SUR LE PLAN NATIONAL AINSI QUE LES ENGRAIS CHIMIQUES."
23.3555097850812,7.98281003351902,"Homme","25 à 40 ans","Primaire","Katagon","Parakou","Mixte","Coton","Soja","Niébé","Hectare","ha","Plus de 10 ans","OUI","Sécheresses, Retards de pluies, Chaleurs extrêmes","Maladies ou  ravageurs, Dégradation des sols","Non","Semis précoce","Utilisation des variétés résistance aux stress","Semis échelonné","Oui, basique ( appels/ SMS)","Non","Non","Application mobile, Plateforme web, Réseaux sociaux agricoles","Quotidiennement","Mensuellement","Jamais","Jamais","Hebdomadairement","Cout d'accès à internet, Langue/Compréhension","Alertes  précoces (sècheresse, inondation, ravageurs ), Conseils techniques de  production, Gestion de l'irrigation et de l'eau","SMS, Message vocaux, Application mobile, Radio locale","Langues locales","Fon","D'enregistrer  vos données de culture (dates, rendements,  superficies), D'échanger avec d'autres producteurs, D' accéder à des formations ou tutoriels en ligne, De signaler des problèmes ( maladies, manque d'eau etc...), D' obtenir des conseils personnalisés,","Accès aux intrants agricoles","Coopérative/groupement, ONG","Oui","Langues compréhensibles, Garantie de fiabilité des informations","Oui","Non"
0,0,"Homme","41 à 60 ans","Supérieure","Houekpa kpota","Dogbo","Mixte","Palmier à huile","Sorgho","Niebé","KANTI","KANTI","05 à 10 ans","OUI","Sécheresses, Retards de pluies","Baisse de rendement, Pertes totales, Maladies ou  ravageurs,","Non","Semis précoce","Internet et les ateliers organisés par le service climatique au Bénin","Internet et les ateliers","Oui , smartphone","Oui","Non","Application mobile,","Quotidiennement","Jamais","Rarement","Quotidiennement","Mensuellement","Manque de réseau, Manque de formation, Langue/Compréhension, Manque de pertinence des informations,","Alertes  précoces (sècheresse, inondation, ravageurs ), Conseils techniques de  production, Gestion de l'irrigation et de l'eau, Suivi des prix des produits agricoles, Accès au crédit ou à l' assurance agricole,","Application mobile, Réseaux sociaux","Langues locales","Goun","La disponibilité des engrais chimiques","None","Coopérative/groupement, ONG, Ministère de l'Agriculture, Entreprise privée,","Oui","Formations préalable, Gratuité du service, Interface simple, Langues compréhensibles, Garantie de fiabilité des informations","A discuter","Non"
10.9476959071911,3.15060221996983,"Homme","25 à 40 ans","Primaire","Amouloko","Bonou","Pluvial","Palmier à huile","Soja","Maïs","Hectare","KANTI","Moins de 05 ans","OUI","Sécheresses, Inondations, Retards de pluies, Chaleurs extrêmes,","Baisse de rendement, Pertes totales, Dégradation des sols","Non","Suivre la météo Bénin","Utilisation des variétés résistance aux stress","Internet et les ateliers","Oui, basique ( appels/ SMS)","Non","OUI","Application mobile,","Hebdomadairement","Jamais","Hebdomadairement","Quotidiennement","Jamais","Manque de réseau, Manque de formation, Langue/Compréhension, Manque de pertinence des informations,","Alertes  précoces (sècheresse, inondation, ravageurs ), Conseils techniques de  production, Suivi des prix des produits agricoles","SMS, Application mobile, Radio locale","Langues locales","Fon Wémè","D'enregistrer  vos données de culture (dates, rendements,  superficies), D'échanger avec d'autres producteurs, D' obtenir des conseils personnalisés, Avoir accès aux intrants agricoles.","Très flexible pour les meilleures formations avec supports et attestations ou diplômes après formations","Coopérative/groupement, ONG, Ministère de l'Agriculture, Recherche, Entreprise privée,","Oui","Langues compréhensibles","A discuter","Non"
10.3817510305662,4.39314081315397,"Homme","25 à 40 ans","Aucun","Affamè","Adjohoun","Pluvial","Palmier à huile","Manioc","Niebé","Hectare","Hectare","05 à 10 ans","OUI","Sécheresses, Retards de pluies","Baisse de rendement, Pertes totales, Maladies ou  ravageurs","Non","Suivre la météo Bénin","Internet et les ateliers organisés par le service climatique au Bénin","Semis échelonné","Oui, basique ( appels/ SMS)","Non","Non","Application mobile,","Hebdomadairement","Mensuellement","Rarement","Jamais","Hebdomadairement","Manque de réseau, Manque de formation, Langue/Compréhension, Manque de pertinence des informations,","Alertes  précoces (sècheresse, inondation, ravageurs ), Conseils techniques de  production, Gestion de l'irrigation et de l'eau, Suivi des prix des produits agricoles, Accès au crédit ou à l' assurance agricole,","Application mobile","Langues locales","Fongbé","D'échanger avec d'autres producteurs, D' accéder à des formations ou tutoriels en ligne, De signaler des problèmes ( maladies, manque d'eau etc...)","Utilisable en absence de la connexion","ONG, Ministère de l'Agriculture, Entreprise privée","Peut- être","Formations préalable, Gratuité du service","Oui","Non"
0,0,"Homme","41 à 60 ans","Supérieure","Katagon","Dogbo","Mixte","Maïs","Maïs","Niebé","Hectare","Hectare","Plus de 10 ans","OUI","Sécheresses, Inondations, Retards de pluies","Baisse de rendement, Maladies ou  ravageurs","OUI","Suivre la météo Bénin","Utilisation des variétés résistance aux stress","Semis échelonné","Oui , smartphone","Non","Non","Application mobile,","jamais","jamais","Jamais","Quotidiennement","Jamais","Manque de formation, Langue/Compréhension","Prévisions météorologiques localisées, Alertes  précoces (sècheresse, inondation, ravageurs ), Conseils techniques de  production, Suivi des prix des produits agricoles, Accès au crédit ou à l' assurance agricole","SMS, Application mobile, Réseaux sociaux","Langues locales","Fongbé","D'échanger avec d'autres producteurs, D' accéder à des formations ou tutoriels en ligne, De signaler des problèmes ( maladies, manque d'eau etc...), D' obtenir des conseils personnalisés","Accéder à des formations ou tutoriells en ligne","Coopérative/groupement, ONG, Ministère de l'Agriculture, Recherche, Entreprise privée,","Oui","Formations préalable, Gratuité du service, Interface simple, Langues compréhensibles, Garantie de fiabilité des informations","A discuter","Non"
7.29056721711375,3.05842001117863,"Homme","41 à 60 ans","Primaire","Titirou","Dogbo","Pluvial","Manioc","Soja","Manioc","Hectare","Hectare","Plus de 10 ans","OUI","Sécheresses, Inondations, Retards de pluies","Baisse de rendement, Pertes totales, Maladies ou  ravageurs,","Non","Semis précoce","Internet et les ateliers organisés par le service climatique au Bénin","Internet et les ateliers","Oui , smartphone","Oui","OUI","SMS d'alerte météo, Recherche sur internet","Quotidiennement","Jamais","Jamais","Jamais","Jamais","Manque de réseau, Cout d'accès à internet","Prévisions météorologiques localisées, Alertes  précoces (sècheresse, inondation, ravageurs ), Conseils techniques de  production, Gestion de l'irrigation et de l'eau, Suivi des prix des produits agricoles, Accès au crédit ou à l' assurance agricole,","Application mobile","Langues locales,","Bariba","D'enregistrer  vos données de culture (dates, rendements,  superficies), D'échanger avec d'autres producteurs, D' accéder à des formations ou tutoriels en ligne, De signaler des problèmes ( maladies, manque d'eau etc...), D' obtenir des conseils personnalisés,","Conseils et formation","Coopérative/groupement, ONG, Ministère de l'Agriculture, Entreprise privée,","Oui","Langues compréhensibles","A discuter","Non"
14.7539558074349,5.21788310168037,"Homme","25 à 40 ans","Primaire","ADANDRO-AKODE","Bonou","Mixte","Maïs","Soja","Niebé","Hectare","KANTI","05 à 10 ans","OUI","Sécheresses, Inondations, Retards de pluies, Chaleurs extrêmes,","Baisse de rendement, Pertes totales, Maladies ou  ravageurs","Non","Suivre la météo Bénin","Utilisation des variétés résistance aux stress","Semis échelonné","Oui , smartphone","Oui","Non","Application mobile, Plateforme web, Réseaux sociaux agricoles","Hebdomadairement","Mensuellement","Hebdomadairement","Quotidiennement","Jamais","Manque de réseau, Cout d'accès à internet, Manque de formation, Langue/Compréhension, Manque de pertinence des informations","Prévisions météorologiques localisées, Conseils techniques de  production, Suivi des prix des produits agricoles","SMS, Application mobile, Réseaux sociaux","Langues locales","Goun","D'échanger avec d'autres producteurs, De signaler des problèmes ( maladies, manque d'eau etc...), D' obtenir des conseils personnalisés","Accès aux intrants agricoles","Coopérative/groupement, ONG, Ministère de l'Agriculture, Recherche, Entreprise privée,","Oui","Formations préalable, Gratuité du service, Interface simple, Langues compréhensibles, Garantie de fiabilité des informations","Oui","Non"
3.64808744284551,1.74200053238414,"Homme","25 à 40 ans","Aucun","Baka","Parakou","Pluvial","Maïs","Maïs","Maïs","KANTI","Hectare","Moins de 05 ans","OUI","Sécheresses, Inondations, Retards de pluies","Baisse de rendement","Non","Semis précoce","Utilisation des variétés résistance aux stress","Semis échelonné","Oui, basique ( appels/ SMS)","Non","Non","SMS d'alerte météo, Réseaux sociaux agricoles","Quotidiennement","Quotidiennement","Rarement","Quotidiennement","Jamais","Manque de formation, Langue/Compréhension, Manque de pertinence des informations","Prévisions météorologiques localisées, Conseils techniques de  production, Suivi des prix des produits agricoles","SMS, Radio locale,","Langues locales","ADJA ET MINA","D'enregistrer  vos données de culture (dates, rendements,  superficies), D'échanger avec d'autres producteurs, D' accéder à des formations ou tutoriels en ligne, De signaler des problèmes ( maladies, manque d'eau etc...), D' obtenir des conseils personnalisés,","Accéder à des formations ou tutoriells en ligne","Coopérative/groupement, ONG, Ministère de l'Agriculture, Entreprise privée","Oui","Langues compréhensibles, Garantie de fiabilité des informations","Oui","Non"
6.06439603909737,2.92642138803951,"Femme","25 à 40 ans","Supérieure","KPODAHA CENTRE","Misserete","Mixte","Maïs","Maïs","Niébé","Hectare","ha","05 à 10 ans","OUI","Sécheresses, Retards de pluies, Chaleurs extrêmes","Maladies ou  ravageurs, Dégradation des sols","Non","Semis précoce","Utilisation des variétés résistance aux stress","Semis échelonné","Oui, basique ( appels/ SMS)","Oui","Non","Application mobile","Jamais","Hebdomadairement","Rarement","Rarement","Rarement","Manque de réseau, Manque de formation, Langue/Compréhension, Manque de pertinence des informations,","Conseils techniques de  production, Gestion de l'irrigation et de l'eau, Accès au crédit ou à l' assurance agricole","Application mobile, Réseaux sociaux","Francais, Audio, Langues locales","Fon","D'échanger avec d'autres producteurs, De signaler des problèmes ( maladies, manque d'eau etc...), D' obtenir des conseils personnalisés,","Utilisable en absence de la connexion","Ministère de l'Agriculture","Oui","Formations préalable, Gratuité du service, Interface simple, Langues compréhensibles, Garantie de fiabilité des informations","A discuter","Non"
4.83286958225287,2.84648266721366,"Homme","25 à 40 ans","Primaire","Katagon","Misserete","Pluvial","Maïs","Maïs","Niebé","Hectare","Hectare","Plus de 10 ans","OUI","Sécheresses, Inondations, Retards de pluies,","Baisse de rendement, Pertes totales, Maladies ou  ravageurs,","Non","Suivre la météo Bénin","Internet et les ateliers organisés par le service climatique au Bénin","Semis échelonné","Oui , smartphone","Non","Non","Application mobile, Plateforme web","jamais","Hebdomadairement","Jamais","Quotidiennement","Rarement","Langue/Compréhension","Conseils techniques de  production, Gestion de l'irrigation et de l'eau, Accès au crédit ou à l' assurance agricole","SMS, Application mobile, Radio locale","Langues locales","Fon","D'échanger avec d'autres producteurs, De signaler des problèmes ( maladies, manque d'eau etc...), D' obtenir des conseils personnalisés,","Accès aux intrants agricoles","Coopérative/groupement, ONG, Ministère de l'Agriculture, Entreprise privée","Oui","Formations préalable, Garantie de fiabilité des informations","Oui","Non"
2.14436965669996,0.871763680035339,"Homme","25 à 40 ans","Primaire","Ladji Farani","Dogbo","Pluvial","Maïs","Maïs","Manioc","Hectare","Hectare","Moins de 05 ans","OUI","Sécheresses, Retards de pluies, Chaleurs extrêmes","Baisse de rendement","Non","Semis précoce","Utilisation des variétés résistance aux stress","Semis échelonné","Oui, basique ( appels/ SMS)","Oui","Non","Application mobile","Hebdomadairement","Quotidiennement","Jamais","Quotidiennement","Rarement","Cout d'accès à internet, Manque de formation, Langue/Compréhension","Conseils techniques de  production, Gestion de l'irrigation et de l'eau, Accès au crédit ou à l' assurance agricole","Application mobile","Langues locales","Goun","D'enregistrer  vos données de culture (dates, rendements,  superficies), D'échanger avec d'autres producteurs, D' accéder à des formations ou tutoriels en ligne, De signaler des problèmes ( maladies, manque d'eau etc...), D' obtenir des conseils personnalisés,","Des maladies","Structures bien expérimentées","Oui","Formations préalable, Gratuité du service","Oui","Non"
7.91826987844667,3.44259584337523,"Homme","25 à 40 ans","Aucun","KPODAHA CENTRE","Misserete","Pluvial","Maïs","Maïs","Maïs","Hectare","Hectare","Moins de 05 ans","OUI","Sécheresses, Retards de pluies,","Baisse de rendement, Maladies ou  ravageurs","Non","Semis précoce","Internet et les ateliers organisés par le service climatique au Bénin","Internet et les ateliers","Oui , smartphone","Non","Non","SMS d'alerte météo, Réseaux sociaux agricoles","Quotidiennement","Jamais","Jamais","Mensuellement","Hebdomadairement","Cout d'accès à internet, Langue/Compréhension","Prévisions météorologiques localisées, Alertes  précoces (sècheresse, inondation, ravageurs ), Conseils techniques de  production, Gestion de l'irrigation et de l'eau, Suivi des prix des produits agricoles, Accès au crédit ou à l' assurance agricole,","SMS, Application mobile, Réseaux sociaux","Francais, Langues locales","Goun","D'échanger avec d'autres producteurs, De signaler des problèmes ( maladies, manque d'eau etc...), D' obtenir des conseils personnalisés,","Rapide","Coopérative/groupement, Ministère de l'Agriculture, Recherche","Non","Langues compréhensibles, Garantie de fiabilité des informations","Oui","Non"
0,0,"Femme","25 à 40 ans","Secondaire","Katagon","Misserete","Pluvial","Maïs","Soja","Soja","Hectare","KANTI","Plus de 10 ans","OUI","Sécheresses, Retards de pluies, Chaleurs extrêmes","Baisse de rendement, Maladies ou  ravageurs","Non","Suivre la météo Bénin","Utilisation des variétés résistance aux stress","Internet et les ateliers","Oui , smartphone","Oui","Non","Application mobile, Plateforme web, Réseaux sociaux agricoles","Jamais","jamais","Jamais","Jamais","Jamais","Manque de réseau, Manque de formation, Langue/Compréhension, Manque de pertinence des informations,","Prévisions météorologiques localisées, Alertes  précoces (sècheresse, inondation, ravageurs ), Conseils techniques de  production, Gestion de l'irrigation et de l'eau, Suivi des prix des produits agricoles, Accès au crédit ou à l' assurance agricole,","SMS, Application mobile, Réseaux sociaux","Langues locales","Fon Wémè","D'enregistrer  vos données de culture (dates, rendements,  superficies), D'échanger avec d'autres producteurs, D' obtenir des conseils personnalisés, Avoir accès aux intrants agricoles.","Des maladies","Ministère de l'Agriculture","Oui","Formations préalable, Langues compréhensibles, Garantie de fiabilité des informations","Oui","Non"
6.74254073630877,3.02524718487794,"Homme","25 à 40 ans","Supérieure","Katagon","Misserete","Pluvial","Maïs","Arachide","Niebé","KANTI","Hectare","05 à 10 ans","OUI","Sécheresses, Retards de pluies, Chaleurs extrêmes","Baisse de rendement, Maladies ou  ravageurs, Dégradation des sols","OUI","Semis précoce","Internet et les ateliers organisés par le service climatique au Bénin","Semis échelonné","Oui, basique ( appels/ SMS)","Non","Non","SMS d'alerte météo, Réseaux sociaux agricoles","Hebdomadairement","Jamais","Rarement","Quotidiennement","Mensuellement","Langue/Compréhension","Prévisions météorologiques localisées, Alertes  précoces (sècheresse, inondation, ravageurs ), Conseils techniques de  production, Gestion de l'irrigation et de l'eau, Suivi des prix des produits agricoles, Accès au crédit ou à l' assurance agricole,","Application mobile, Site web, Réseaux sociaux","Francais, Langues locales","Fongbé","D'échanger avec d'autres producteurs, De signaler des problèmes ( maladies, manque d'eau etc...), D' obtenir des conseils personnalisés,","Rapide","Structures bien expérimentées","Oui","Formations préalable, Gratuité du service, Langues compréhensibles, Garantie de fiabilité des informations","Oui","Formations et vidéos puis des visites d'échanges d'expériences"
2.36637929189534,1.66082224559511,"Homme","25 à 40 ans","Aucun","KPODAHA CENTRE","Misserete","Mixte","Maïs","Maïs","Maïs","Hectare","Hectare","05 à 10 ans","OUI","Sécheresses, Inondations, Retards de pluies, Chaleurs extrêmes,","Baisse de rendement, Pertes totales, Maladies ou  ravageurs","Non","Semis précoce","Internet et les ateliers organisés par le service climatique au Bénin","Internet et les ateliers","Oui , smartphone","Non","OUI","Application mobile","jamais","Mensuellement","Quotidiennement","Jamais","Jamais","Cout d'accès à internet, Manque de formation, Langue/Compréhension, Manque de pertinence des informations,","Conseils techniques de  production, Gestion de l'irrigation et de l'eau, Accès au crédit ou à l' assurance agricole","Application mobile, Site web, Réseaux sociaux","Langues locales","Fon Wémè","D'enregistrer  vos données de culture (dates, rendements,  superficies), D' accéder à des formations ou tutoriels en ligne, De signaler des problèmes ( maladies, manque d'eau etc...), D' obtenir des conseils personnalisés","Accédez à des formations ou tutoriels en ligne","Coopérative/groupement, ONG, Ministère de l'Agriculture, Recherche, Entreprise privée,","Non","Formations préalable, Langues compréhensibles, Garantie de fiabilité des informations","Oui","Non"
0,0,"Homme","25 à 40 ans","Supérieure","Bopa/tchanhoué","Misserete","Mixte","Tomates","Riz","Manioc","Hectare","Hectare","Moins de 05 ans","OUI","Sécheresses, Retards de pluies, Chaleurs extrêmes","Baisse de rendement, Maladies ou  ravageurs, Dégradation des sols","OUI","Suivre la météo Bénin","Internet et les ateliers organisés par le service climatique au Bénin","Internet et les ateliers","Oui, basique ( appels/ SMS)","Oui","OUI","Application mobile","Hebdomadairement","Hebdomadairement","Jamais","Quotidiennement","Jamais","Cout d'accès à internet, Langue/Compréhension","Prévisions météorologiques localisées, Alertes  précoces (sècheresse, inondation, ravageurs ), Conseils techniques de  production, Gestion de l'irrigation et de l'eau, Suivi des prix des produits agricoles, Accès au crédit ou à l' assurance agricole,","SMS, Application mobile, Réseaux sociaux","Langues locales","Goun","D' accéder à des formations ou tutoriels en ligne, De signaler des problèmes ( maladies, manque d'eau etc...), D' obtenir des conseils personnalisés,","Très flexible pour les meilleures formations avec supports et attestations ou diplômes après formations","ONG, Ministère de l'Agriculture, Recherche","Oui","Langues compréhensibles, Garantie de fiabilité des informations","A discuter","Non"
1.58510814185994,1.28152954356124,"Homme","25 à 40 ans","Primaire","Houekpa kpota","Parakou","Mixte","Maïs","Manioc","Niebé","Hectare","Hectare","Plus de 10 ans","OUI","Sécheresses, Retards de pluies, Chaleurs extrêmes","Baisse de rendement, Dégradation des sols","Non","Semis précoce","Utilisation des variétés résistance aux stress","Semis échelonné","Oui , smartphone","Non","Non","SMS d'alerte météo, Réseaux sociaux agricoles","Quotidiennement","Jamais","Rarement","Quotidiennement","Mensuellement","Cout d'accès à internet, Manque de formation, Langue/Compréhension, Manque de pertinence des informations,","Prévisions météorologiques localisées, Conseils techniques de  production, Suivi des prix des produits agricoles","Application mobile","Langues locales","ADJA ET MINA","D'enregistrer  vos données de culture (dates, rendements,  superficies), D'échanger avec d'autres producteurs, D' accéder à des formations ou tutoriels en ligne, De signaler des problèmes ( maladies, manque d'eau etc...), D' obtenir des conseils personnalisés,","Très flexible pour les meilleures formations avec supports et attestations ou diplômes après formations","Coopérative/groupement, ONG, Ministère de l'Agriculture, Entreprise privée,","Oui","Formations préalable, Gratuité du service, Interface simple, Langues compréhensibles, Garantie de fiabilité des informations","Oui","Non"
7.7163996174512,2.83576957741336,"Homme","25 à 40 ans","Secondaire","Baka","Misserete","Mixte","Maïs","Sorgho","Maïs","Hectare","ha","Plus de 10 ans","OUI","Sécheresses, Retards de pluies, Chaleurs extrêmes","Baisse de rendement, Dégradation des sols","Non","Suivre la météo Bénin","Utilisation des variétés résistance aux stress","Internet et les ateliers","Oui, basique ( appels/ SMS)","Non","Non","Réseaux sociaux agricoles","Hebdomadairement","jamais","Quotidiennement","Quotidiennement","Jamais","Manque de réseau, Cout d'accès à internet, Manque de formation, Langue/Compréhension, Manque de pertinence des informations","Prévisions météorologiques localisées, Conseils techniques de  production, Suivi des prix des produits agricoles","SMS, Message vocaux, Radio locale,","Langues locales","Fongbé","D'échanger avec d'autres producteurs, De signaler des problèmes ( maladies, manque d'eau etc...), D' obtenir des conseils personnalisés,","Utile en hors ligne","Coopérative/groupement, ONG, Ministère de l'Agriculture, Entreprise privée","Oui","Formations préalable","Oui","Non"
0,0,"Homme","41 à 60 ans","Aucun","Amouloko","Adjohoun","Pluvial","Maïs","Maïs","Maïs","Hectare","Hectare","Plus de 10 ans","OUI","Inondations, Retards de pluies","Baisse de rendement, Dégradation des sols","Non","Semis précoce","Utilisation des variétés résistance aux stress","Semis échelonné","Oui , smartphone","Non","Non","Réseaux sociaux agricoles","Hebdomadairement","Mensuellement","Jamais","Quotidiennement","Quotidiennement","Manque de réseau, Cout d'accès à internet","Conseils techniques de  production, Gestion de l'irrigation et de l'eau, Suivi des prix des produits agricoles, Accès au crédit ou à l' assurance agricole,","Radio locale","Langues locales","Goun","D'enregistrer  vos données de culture (dates, rendements,  superficies), D'échanger avec d'autres producteurs, D' accéder à des formations ou tutoriels en ligne, D' obtenir des conseils personnalisés","Bon rendement","Coopérative/groupement, ONG, Ministère de l'Agriculture, Recherche, Entreprise privée,","Oui","Langues compréhensibles, Garantie de fiabilité des informations","A discuter","Non"
0,0,"Femme","41 à 60 ans","Aucun","Péhunco","Misserete","Pluvial","Maïs","Manioc","Maïs","Hectare","Hectare","Plus de 10 ans","OUI","Inondations, Retards de pluies","Baisse de rendement, Pertes totales, Maladies ou  ravageurs","Non","Semis précoce","Internet et les ateliers organisés par le service climatique au Bénin","Semis échelonné","Oui , smartphone","Oui","Non","SMS d'alerte météo, Réseaux sociaux agricoles","jamais","Hebdomadairement","Jamais","Quotidiennement","Jamais","Manque de pertinence des informations","Prévisions météorologiques localisées, Alertes  précoces (sècheresse, inondation, ravageurs ), Conseils techniques de  production, Gestion de l'irrigation et de l'eau","Radio locale","Langues locales","Goun","D'enregistrer  vos données de culture (dates, rendements,  superficies), D'échanger avec d'autres producteurs, D' accéder à des formations ou tutoriels en ligne, De signaler des problèmes ( maladies, manque d'eau etc...), D' obtenir des conseils personnalisés","Utile en hors ligne","ONG, Ministère de l'Agriculture, Recherche","Non","Formations préalable, Gratuité du service, Interface simple, Langues compréhensibles, Garantie de fiabilité des informations","A discuter","Non"
0.630126125708635,0.630126125708635,"Homme","41 à 60 ans","Aucun","Houekpa kpota","Misserete","Mixte","Palmier à huile","Maïs","Niebé","Hetare","Hectare","Plus de 10 ans","OUI","Sécheresses, Inondations, Retards de pluies, Chaleurs extrêmes, Mauvaise répartition des pluies, délais court de l'harmattan","Baisse de rendement, Maladies ou  ravageurs,","Non","Suivre la météo Bénin","Utilisation des variétés résistance aux stress","Internet et les ateliers","Oui, basique ( appels/ SMS)","Oui","Non","Application mobile,","Hebdomadairement","Hebdomadairement","Rarement","Quotidiennement","Rarement","Manque de réseau","Prévisions météorologiques localisées, Alertes  précoces (sècheresse, inondation, ravageurs ), Conseils techniques de  production, Gestion de l'irrigation et de l'eau, Suivi des prix des produits agricoles, Accès au crédit ou à l' assurance agricole,","Radio locale,","Francais, Langues locales","Goun","D'échanger avec d'autres producteurs, D' accéder à des formations ou tutoriels en ligne, De signaler des problèmes ( maladies, manque d'eau etc...)","Accédez à des formations ou tutoriels en ligne","Coopérative/groupement, ONG, Ministère de l'Agriculture, Recherche, Entreprise privée,","Peut- être","Formations préalable, Interface simple, Langues compréhensibles","Oui","Non"
3.14506395978418,1.75616138479973,"Femme","41 à 60 ans","Aucun","Katagon","Dogbo","Mixte","Manioc","Maïs","Niébé","KANTI","Hectare","Plus de 10 ans","OUI","Sécheresses, Retards de pluies","Baisse de rendement","Non","Suivre la météo Bénin","Internet et les ateliers organisés par le service climatique au Bénin","Internet et les ateliers","Oui , smartphone","Non","Non","Application mobile,","Hebdomadairement","Mensuellement","Quotidiennement","Quotidiennement","Quotidiennement","Cout d'accès à internet, Langue/Compréhension","Prévisions météorologiques localisées, Alertes  précoces (sècheresse, inondation, ravageurs ), Conseils techniques de  production, Gestion de l'irrigation et de l'eau, Suivi des prix des produits agricoles, Accès au crédit ou à l' assurance agricole,","Application mobile","Langues locales,","Goun","D'enregistrer  vos données de culture (dates, rendements,  superficies), D'échanger avec d'autres producteurs, D' accéder à des formations ou tutoriels en ligne, D' obtenir des conseils personnalisés","Formation de plus","Coopérative/groupement, ONG, Ministère de l'Agriculture","Oui","Formations préalable, Gratuité du service, Langues compréhensibles","Oui","Non"
9.88355884622413,4.31603503375695,"Femme","41 à 60 ans","Primaire","Waisogbé","Dogbo","Mixte","Maïs","Arachide","Niebé","Hectare","Hectare","05 à 10 ans","OUI","Sécheresses, Retards de pluies","Baisse de rendement, Pertes totales, Maladies ou  ravageurs,","Non","Semis précoce","Utilisation des variétés résistance aux stress","Semis échelonné","Oui , smartphone","Non","Non","Application mobile,","Jamais","jamais","Quotidiennement","Jamais","Jamais","Langue/Compréhension","Prévisions météorologiques localisées, Alertes  précoces (sècheresse, inondation, ravageurs ), Conseils techniques de  production, Suivi des prix des produits agricoles, Accès au crédit ou à l' assurance agricole","Application mobile, Réseaux sociaux","Francais, Audio, Langues locales","Bariba","D' accéder à des formations ou tutoriels en ligne, De signaler des problèmes ( maladies, manque d'eau etc...), D' obtenir des conseils personnalisés,","Formation régulière","Coopérative/groupement, ONG, Ministère de l'Agriculture, Recherche, Entreprise privée,","Oui","Gratuité du service, Langues compréhensibles","Oui","Non"
0,0,"Femme","41 à 60 ans","Secondaire","Houekpa kpota","Dogbo","Pluvial","Coton","Choux","Niebé","Hectare","Hectare","Moins de 05 ans","OUI","Inondations","Baisse de rendement, Pertes totales, Dégradation des sols","Non","Suivre la météo Bénin","Utilisation des variétés résistance aux stress","Internet et les ateliers","Oui, basique ( appels/ SMS)","Non","OUI","Application mobile,","jamais","Jamais","Jamais","Quotidiennement","Jamais","Manque de réseau, Cout d'accès à internet","Prévisions météorologiques localisées, Alertes  précoces (sècheresse, inondation, ravageurs ), Conseils techniques de  production, Gestion de l'irrigation et de l'eau, Suivi des prix des produits agricoles, Accès au crédit ou à l' assurance agricole","Application mobile","Francais, Audio, Langues locales","Fon","D'échanger avec d'autres producteurs, D' accéder à des formations ou tutoriels en ligne, De signaler des problèmes ( maladies, manque d'eau etc...), D' obtenir des conseils personnalisés","Formation régulière","Coopérative/groupement, ONG, Ministère de l'Agriculture, Entreprise privée,","Oui","Formations préalable, Gratuité du service, Langues compréhensibles, Garantie de fiabilité des informations","Oui","Non"
10.0651872758786,2.94411879295069,"Homme","41 à 60 ans","Supérieure","Bopa/tchanhoué","Parakou","Pluvial","Manioc","Riz","Niebé","KANTI","ha","Moins de 05 ans","OUI","Sécheresses, Retards de pluies, Chaleurs extrêmes","Baisse de rendement, Pertes totales, Maladies ou  ravageurs,","Non","Semis précoce","Internet et les ateliers organisés par le service climatique au Bénin","Internet et les ateliers","Oui , smartphone","Oui","Non","Application mobile,","jamais","Jamais","Hebdomadairement","Jamais","Rarement","Manque de réseau, Manque de formation","Conseils techniques de  production, Gestion de l'irrigation et de l'eau, Suivi des prix des produits agricoles, Accès au crédit ou à l' assurance agricole","SMS,","Francais, Images/Pictogrammes","Goun","D'enregistrer  vos données de culture (dates, rendements,  superficies), D'échanger avec d'autres producteurs, D' accéder à des formations ou tutoriels en ligne, De signaler des problèmes ( maladies, manque d'eau etc...), D' obtenir des conseils personnalisés,","Rapide","Coopérative/groupement, ONG, Ministère de l'Agriculture, Recherche, Entreprise privée,","Non","Formations préalable, Gratuité du service, Interface simple, Langues compréhensibles, Garantie de fiabilité des informations","Oui","Non"
0,0,"Homme","25 à 40 ans","Secondaire","Houekpa kpota","Parakou","Pluvial","Maïs","Maïs","Maïs","Hectare","KANTI","Plus de 10 ans","OUI","Sécheresses, Retards de pluies","Baisse de rendement, Pertes totales, Maladies ou  ravageurs,","OUI","Suivre la météo Bénin","Utilisation des variétés résistance aux stress","Semis échelonné","Oui, basique ( appels/ SMS)","Non","Non","Application mobile,","Hebdomadairement","Mensuellement","Jamais","Rarement","Mensuellement","Manque de formation, Langue/Compréhension, Manque de pertinence des informations","Prévisions météorologiques localisées, Alertes  précoces (sècheresse, inondation, ravageurs ), Conseils techniques de  production, Gestion de l'irrigation et de l'eau","SMS,","Francais, Langues locales","ADJA ET MINA","D'enregistrer  vos données de culture (dates, rendements,  superficies), D'échanger avec d'autres producteurs, D' accéder à des formations ou tutoriels en ligne, De signaler des problèmes ( maladies, manque d'eau etc...), D' obtenir des conseils personnalisés,","DISPONIBILITÉ DES ENGRAIS CHIMIQUES.","Coopérative/groupement, ONG, Ministère de l'Agriculture, Entreprise privée,","Oui","Formations préalable, Gratuité du service, Langues compréhensibles, Garantie de fiabilité des informations","Oui","Formations et vidéos puis des visites d'échanges d'expériences"
0,0,"Homme","41 à 60 ans","Aucun","Bopa/tchanhoué","Dogbo","Mixte","Coton","Maïs","Niebé","Hectare","KANTI","Moins de 05 ans","OUI","Sécheresses, Retards de pluies,","Baisse de rendement, Pertes totales, Maladies ou  ravageurs, Dégradation des sols,","Non","Suivre la météo Bénin","Utilisation des variétés résistance aux stress","Semis échelonné","Oui, basique ( appels/ SMS)","Oui","Non","SMS d'alerte météo, Recherche sur internet","Hebdomadairement","jamais","Hebdomadairement","Jamais","Jamais","Manque de réseau, Cout d'accès à internet","Prévisions météorologiques localisées, Alertes  précoces (sècheresse, inondation, ravageurs ), Conseils techniques de  production, Gestion de l'irrigation et de l'eau, Accès au crédit ou à l' assurance agricole","Radio locale","Langues locales","Bariba","D'échanger avec d'autres producteurs, D' accéder à des formations ou tutoriels en ligne, De signaler des problèmes ( maladies, manque d'eau etc...), D' obtenir des conseils personnalisés","Conseils et formation","Structures bien expérimentées","Oui","Formations préalable, Gratuité du service, Langues compréhensibles, Garantie de fiabilité des informations","Oui","Non"
6.81127693912204,3.23141480553138,"Homme","25 à 40 ans","Primaire","Baka","Misserete","Mixte","Tomates","Riz","Manioc","KANTI","Hectare","Plus de 10 ans","OUI","Sécheresses, Inondations, Retards de pluies, Chaleurs extrêmes,","Baisse de rendement, Dégradation des sols","Non","Semis précoce","Utilisation des variétés résistance aux stress","Semis échelonné","Non","Non","OUI","Application mobile","jamais","Quotidiennement","Jamais","Jamais","Hebdomadairement","Manque de réseau, Manque de formation, Langue/Compréhension, Manque de pertinence des informations,","Prévisions météorologiques localisées, Alertes  précoces (sècheresse, inondation, ravageurs ), Conseils techniques de  production, Gestion de l'irrigation et de l'eau, Suivi des prix des produits agricoles, Accès au crédit ou à l' assurance agricole","Radio locale","Francais, Langues locales","Bariba","D'enregistrer  vos données de culture (dates, rendements,  superficies), D'échanger avec d'autres producteurs, D' accéder à des formations ou tutoriels en ligne, D' obtenir des conseils personnalisés","Formation technique","Coopérative/groupement, ONG, Ministère de l'Agriculture, Recherche, Entreprise privée,","Non","Formations préalable, Gratuité du service, Interface simple, Langues compréhensibles, Garantie de fiabilité des informations","A discuter","Non"
13.0050753471739,5.41871045307542,"Femme","25 à 40 ans","Aucun","Titirou","Misserete","Pluvial","Maïs","Soja","Maïs","KANTI","KANTI","Plus de 10 ans","OUI","Sécheresses, Inondations, Retards de pluies, Chaleurs extrêmes,","Baisse de rendement, Maladies ou  ravageurs,","Non","Semis précoce","Internet et les ateliers organisés par le service climatique au Bénin","Internet et les ateliers","Oui, basique ( appels/ SMS)","Non","Non","Application mobile,","Quotidiennement","Hebdomadairement","Jamais","Jamais","Quotidiennement","Manque de réseau, Cout d'accès à internet, Manque de formation, Langue/Compréhension, Manque de pertinence des informations","Alertes  précoces (sècheresse, inondation, ravageurs ), Conseils techniques de  production, Gestion de l'irrigation et de l'eau, Suivi des prix des produits agricoles, Accès au crédit ou à l' assurance agricole,","SMS, Message vocaux, Radio locale,","Francais, Audio, Langues locales","Goun","La disponibilité des engrais chimiques","Formation régulière","Coopérative/groupement, ONG, Ministère de l'Agriculture, Recherche, Entreprise privée,","Oui","Langues compréhensibles","Oui","Non"
